process,temperature_c,vdd_v,sample_index,rndseed,mismatch_seed,process_seed,valid,lower_bound,cmc_op1_vout,cmc_op1_vinp,cmc_offset,cmc_op_parity,cmc_npts,cmc_dm_vderr,cmc_dm_vcerr,cmc_cm_vcerr,cmc_cm_leak,cmc_det_min,cmc_acm_min,cmc_cmrr_spread,cmc_acm_spread,cmc_ad_spread,cmc_acm_re0,cmc_acm_im0,cmc_cmrr_dc,cmc_ad_dc,cmc_acm_dc,cmc_cmrr_1k,cmc_ad_1k,cmc_acm_1k,cmc_cmrr_10k,cmc_ad_10k,cmc_acm_10k,cmc_cmrr_100k,cmc_ad_100k,cmc_acm_100k,cmc_cmrr_1m,cmc_ad_1m,cmc_acm_1m,cmc_cmrr_fu,cmc_ad_fu,cmc_acm_fu,cmc_fu_hz
typical,27,3.30,0,1240223581,1073930998,250201949,1,0,1.649986,1.65,-1.44144e-05,0.0,201.0,1.002876e-13,5.014378e-14,4.658063e-19,9.316126e-19,1.0,6.985624e-05,1.609806e-10,7.925166e-05,7.925158e-05,0.5853495,-0.000251233,100.6402,95.98852,0.5853484,100.6402,83.10317,0.1327846,100.6391,63.33026,0.01363202,100.5239,43.33253,0.001381764,94.77606,23.32687,0.0002676335,64.15613,0.0,0.0006200967,13241740.0
typical,27,3.30,1,1176304945,1947764510,250201949,1,0,1.649986,1.65,-1.44144e-05,0.0,201.0,1.002876e-13,5.014378e-14,4.658063e-19,9.316126e-19,1.0,6.985624e-05,1.609806e-10,7.925166e-05,7.925158e-05,0.5853495,-0.000251233,100.6402,95.98852,0.5853484,100.6402,83.10317,0.1327846,100.6391,63.33026,0.01363202,100.5239,43.33253,0.001381764,94.77606,23.32687,0.0002676335,64.15613,0.0,0.0006200967,13241740.0
typical,27,3.30,2,1017889434,874458741,250201949,1,0,1.649986,1.65,-1.44144e-05,0.0,201.0,1.002876e-13,5.014378e-14,4.658063e-19,9.316126e-19,1.0,6.985624e-05,1.609806e-10,7.925166e-05,7.925158e-05,0.5853495,-0.000251233,100.6402,95.98852,0.5853484,100.6402,83.10317,0.1327846,100.6391,63.33026,0.01363202,100.5239,43.33253,0.001381764,94.77606,23.32687,0.0002676335,64.15613,0.0,0.0006200967,13241740.0
typical,27,3.30,3,1361313330,1101914347,250201949,1,0,1.649986,1.65,-1.44144e-05,0.0,201.0,1.002876e-13,5.014378e-14,4.658063e-19,9.316126e-19,1.0,6.985624e-05,1.609806e-10,7.925166e-05,7.925158e-05,0.5853495,-0.000251233,100.6402,95.98852,0.5853484,100.6402,83.10317,0.1327846,100.6391,63.33026,0.01363202,100.5239,43.33253,0.001381764,94.77606,23.32687,0.0002676335,64.15613,0.0,0.0006200967,13241740.0
ff,27,3.30,0,1995730792,1338284299,558766540,1,0,1.649988,1.65,-1.1985e-05,0.0,201.0,1.015385e-13,5.076923e-14,4.361982e-19,8.723965e-19,1.0,0.0002189062,1.590905e-10,7.488093e-05,7.488092e-05,0.5481429,-0.000228684,101.3183,96.09619,0.5481419,101.3183,83.44419,0.1277301,101.3173,63.68416,0.01313234,101.218,43.68658,0.001328699,96.01966,23.68145,0.0002415959,68.03082,0.0,0.0003968164,13805550.0
ff,27,3.30,1,401178685,77679007,558766540,1,0,1.649988,1.65,-1.1985e-05,0.0,201.0,1.015385e-13,5.076923e-14,4.361982e-19,8.723965e-19,1.0,0.0002189062,1.590905e-10,7.488093e-05,7.488092e-05,0.5481429,-0.000228684,101.3183,96.09619,0.5481419,101.3183,83.44419,0.1277301,101.3173,63.68416,0.01313234,101.218,43.68658,0.001328699,96.01966,23.68145,0.0002415959,68.03082,0.0,0.0003968164,13805550.0
ff,27,3.30,2,254508664,1796383430,558766540,1,0,1.649988,1.65,-1.1985e-05,0.0,201.0,1.015385e-13,5.076923e-14,4.361982e-19,8.723965e-19,1.0,0.0002189062,1.590905e-10,7.488093e-05,7.488092e-05,0.5481429,-0.000228684,101.3183,96.09619,0.5481419,101.3183,83.44419,0.1277301,101.3173,63.68416,0.01313234,101.218,43.68658,0.001328699,96.01966,23.68145,0.0002415959,68.03082,0.0,0.0003968164,13805550.0
ff,27,3.30,3,458533381,1854614208,558766540,1,0,1.649988,1.65,-1.1985e-05,0.0,201.0,1.015385e-13,5.076923e-14,4.361982e-19,8.723965e-19,1.0,0.0002189062,1.590905e-10,7.488093e-05,7.488092e-05,0.5481429,-0.000228684,101.3183,96.09619,0.5481419,101.3183,83.44419,0.1277301,101.3173,63.68416,0.01313234,101.218,43.68658,0.001328699,96.01966,23.68145,0.0002415959,68.03082,0.0,0.0003968164,13805550.0
ss,27,3.30,0,712513040,1757987474,280454172,1,0,1.649983,1.65,-1.71067e-05,0.0,201.0,9.699531e-14,4.849765e-14,5.158438e-19,1.031688e-18,1.0,8.474454e-05,1.49353e-08,8.0567e-05,8.056107e-05,0.6482284,-0.00028051,99.46405,95.69859,0.6482272,99.46404,82.74571,0.1459095,99.46277,62.9692,0.01497343,99.33797,42.97143,0.001519402,93.26198,22.96519,0.0003056049,61.81562,0.0,0.0008114878,12678030.0
ss,27,3.30,1,1419668468,828251435,280454172,1,0,1.649983,1.65,-1.71067e-05,0.0,201.0,9.699531e-14,4.849765e-14,5.158438e-19,1.031688e-18,1.0,8.474454e-05,1.49353e-08,8.0567e-05,8.056107e-05,0.6482284,-0.00028051,99.46405,95.69859,0.6482272,99.46404,82.74571,0.1459095,99.46277,62.9692,0.01497343,99.33797,42.97143,0.001519402,93.26198,22.96519,0.0003056049,61.81562,0.0,0.0008114878,12678030.0
ss,27,3.30,2,1917699586,2132351872,280454172,1,0,1.649983,1.65,-1.71067e-05,0.0,201.0,9.699531e-14,4.849765e-14,5.158438e-19,1.031688e-18,1.0,8.474454e-05,1.49353e-08,8.0567e-05,8.056107e-05,0.6482284,-0.00028051,99.46405,95.69859,0.6482272,99.46404,82.74571,0.1459095,99.46277,62.9692,0.01497343,99.33797,42.97143,0.001519402,93.26198,22.96519,0.0003056049,61.81562,0.0,0.0008114878,12678030.0
ss,27,3.30,3,442684631,66758691,280454172,1,0,1.649983,1.65,-1.71067e-05,0.0,201.0,9.699531e-14,4.849765e-14,5.158438e-19,1.031688e-18,1.0,8.474454e-05,1.49353e-08,8.0567e-05,8.056107e-05,0.6482284,-0.00028051,99.46405,95.69859,0.6482272,99.46404,82.74571,0.1459095,99.46277,62.9692,0.01497343,99.33797,42.97143,0.001519402,93.26198,22.96519,0.0003056049,61.81562,0.0,0.0008114878,12678030.0
fs,27,3.30,0,1784565164,866126268,559149245,1,0,1.649985,1.65,-1.52774e-05,0.0,201.0,9.995709e-14,4.997854e-14,4.272786e-19,8.545572e-19,1.0,9.526449e-05,1.590763e-10,7.540501e-05,7.540495e-05,0.5369341,-0.000224786,101.3614,95.95985,0.5369331,101.3614,83.2792,0.1247063,101.3602,63.51755,0.01281935,101.2417,43.51994,0.001299913,95.43588,23.51403,0.0002534589,65.41336,0.0,0.0005365041,13434690.0
fs,27,3.30,1,1602525381,1062732594,559149245,1,0,1.649985,1.65,-1.52774e-05,0.0,201.0,9.995709e-14,4.997854e-14,4.272786e-19,8.545572e-19,1.0,9.526449e-05,1.590763e-10,7.540501e-05,7.540495e-05,0.5369341,-0.000224786,101.3614,95.95985,0.5369331,101.3614,83.2792,0.1247063,101.3602,63.51755,0.01281935,101.2417,43.51994,0.001299913,95.43588,23.51403,0.0002534589,65.41336,0.0,0.0005365041,13434690.0
fs,27,3.30,2,783865368,16339327,559149245,1,0,1.649985,1.65,-1.52774e-05,0.0,201.0,9.995709e-14,4.997854e-14,4.272786e-19,8.545572e-19,1.0,9.526449e-05,1.590763e-10,7.540501e-05,7.540495e-05,0.5369341,-0.000224786,101.3614,95.95985,0.5369331,101.3614,83.2792,0.1247063,101.3602,63.51755,0.01281935,101.2417,43.51994,0.001299913,95.43588,23.51403,0.0002534589,65.41336,0.0,0.0005365041,13434690.0
fs,27,3.30,3,460204382,218541131,559149245,1,0,1.649985,1.65,-1.52774e-05,0.0,201.0,9.995709e-14,4.997854e-14,4.272786e-19,8.545572e-19,1.0,9.526449e-05,1.590763e-10,7.540501e-05,7.540495e-05,0.5369341,-0.000224786,101.3614,95.95985,0.5369331,101.3614,83.2792,0.1247063,101.3602,63.51755,0.01281935,101.2417,43.51994,0.001299913,95.43588,23.51403,0.0002534589,65.41336,0.0,0.0005365041,13434690.0
sf,27,3.30,0,1043706957,592941757,529049884,1,0,1.649986,1.65,-1.37409e-05,0.0,201.0,9.909824e-14,4.954912e-14,5.134282e-19,1.026856e-18,1.0,6.420889e-05,1.337744e-08,8.091277e-05,8.091042e-05,0.6451929,-0.000279806,99.69112,95.8849,0.6451916,99.69111,82.91417,0.1449282,99.69001,63.13672,0.01487083,99.58137,43.13895,0.001506187,94.00002,23.13353,0.0002862039,63.31571,0.0,0.0006830505,13037610.0
sf,27,3.30,1,149732359,1411865675,529049884,1,0,1.649986,1.65,-1.37409e-05,0.0,201.0,9.909824e-14,4.954912e-14,5.134282e-19,1.026856e-18,1.0,6.420889e-05,1.337744e-08,8.091277e-05,8.091042e-05,0.6451929,-0.000279806,99.69112,95.8849,0.6451916,99.69111,82.91417,0.1449282,99.69001,63.13672,0.01487083,99.58137,43.13895,0.001506187,94.00002,23.13353,0.0002862039,63.31571,0.0,0.0006830505,13037610.0
sf,27,3.30,2,534671352,369713294,529049884,1,0,1.649986,1.65,-1.37409e-05,0.0,201.0,9.909824e-14,4.954912e-14,5.134282e-19,1.026856e-18,1.0,6.420889e-05,1.337744e-08,8.091277e-05,8.091042e-05,0.6451929,-0.000279806,99.69112,95.8849,0.6451916,99.69111,82.91417,0.1449282,99.69001,63.13672,0.01487083,99.58137,43.13895,0.001506187,94.00002,23.13353,0.0002862039,63.31571,0.0,0.0006830505,13037610.0
sf,27,3.30,3,1092904055,1879140861,529049884,1,0,1.649986,1.65,-1.37409e-05,0.0,201.0,9.909824e-14,4.954912e-14,5.134282e-19,1.026856e-18,1.0,6.420889e-05,1.337744e-08,8.091277e-05,8.091042e-05,0.6451929,-0.000279806,99.69112,95.8849,0.6451916,99.69111,82.91417,0.1449282,99.69001,63.13672,0.01487083,99.58137,43.13895,0.001506187,94.00002,23.13353,0.0002862039,63.31571,0.0,0.0006830505,13037610.0
