corner,sample_index,rndseed,mismatch_seed,process_seed,vout_v,offset_v
typical,0,1240223581,1073930998,250201949,1.65114,0.00114122
typical,1,1176304945,1947764510,250201949,1.64764,-0.00235553
typical,2,1017889434,874458741,250201949,1.65147,0.0014748
typical,3,1361313330,1101914347,250201949,1.64809,-0.00190585
typical,4,1232209559,927740409,250201949,1.65971,0.00970893
typical,5,619397391,59473658,250201949,1.64627,-0.00373206
typical,6,646426993,2098686427,250201949,1.65122,0.0012171
typical,7,1107893449,307414235,250201949,1.64931,-0.000689632
typical,8,38296370,1478913752,250201949,1.65024,0.000239495
typical,9,1470414224,1384402118,250201949,1.65181,0.00180971
typical,10,156066993,35629529,250201949,1.64684,-0.00316375
typical,11,1050221736,511027610,250201949,1.65935,0.00935428
typical,12,457791525,1265091155,250201949,1.65113,0.00112738
typical,13,71279637,1738843984,250201949,1.6457,-0.00430212
typical,14,836028248,1427378972,250201949,1.6603,0.0103047
typical,15,659141813,1083457665,250201949,1.65679,0.00678846
typical,16,791643591,1959375119,250201949,1.65027,0.000271758
typical,17,836568595,752948778,250201949,1.65023,0.000227309
typical,18,1507189368,721805540,250201949,1.65131,0.00130519
typical,19,1999060859,1640584463,250201949,1.64241,-0.00759041
typical,20,603942917,1621753667,250201949,1.64667,-0.00333256
typical,21,1488406660,900096576,250201949,1.65607,0.00606769
typical,22,676375798,528310817,250201949,1.64428,-0.00572164
typical,23,1634805477,1004828102,250201949,1.64472,-0.00527653
typical,24,1925699274,13891714,250201949,1.64348,-0.00652241
typical,25,1825502289,183684824,250201949,1.65599,0.00598757
typical,26,925911572,824042751,250201949,1.65357,0.00357066
typical,27,1257653615,1050021693,250201949,1.64387,-0.00613218
typical,28,1692545665,19230282,250201949,1.65426,0.00425939
typical,29,332491932,271725178,250201949,1.64235,-0.00764948
typical,30,1596758933,1086476062,250201949,1.65187,0.00186967
typical,31,1265465123,119873425,250201949,1.64835,-0.00164845
typical,32,1219229149,792117429,250201949,1.65101,0.00100819
typical,33,445740475,1097197290,250201949,1.64461,-0.00538565
typical,34,223262441,915260607,250201949,1.6482,-0.0017953
typical,35,1520564827,253705639,250201949,1.65198,0.00197685
typical,36,708153438,1234628106,250201949,1.64124,-0.00875847
typical,37,1631478709,1011456613,250201949,1.65776,0.00775569
typical,38,308731844,241074240,250201949,1.65327,0.00327124
typical,39,668529239,759231298,250201949,1.65009,8.61383e-05
typical,40,814492074,2030664242,250201949,1.65357,0.00357337
typical,41,1638113562,1420022354,250201949,1.6495,-0.000503444
typical,42,101709034,616939250,250201949,1.64646,-0.0035396
typical,43,207594318,254300838,250201949,1.66119,0.0111866
typical,44,316642865,1618104325,250201949,1.65218,0.00217943
typical,45,1871650928,188656520,250201949,1.64622,-0.00377999
typical,46,1269973935,533462943,250201949,1.64988,-0.000121269
typical,47,1547146965,962118494,250201949,1.64674,-0.00325897
typical,48,2127136982,207271067,250201949,1.63726,-0.0127361
typical,49,797781918,651454522,250201949,1.65307,0.00306977
typical,50,1837152529,1947990628,250201949,1.64956,-0.000438088
typical,51,484443211,679492702,250201949,1.63963,-0.0103684
typical,52,1898551616,1699302485,250201949,1.65523,0.00523331
typical,53,999506190,569648528,250201949,1.64793,-0.00207266
typical,54,419729752,1173820391,250201949,1.64485,-0.00514864
typical,55,339099918,314145000,250201949,1.64833,-0.00167096
typical,56,1628366315,108830387,250201949,1.65361,0.00360606
typical,57,967787496,2128231202,250201949,1.64968,-0.000323249
typical,58,1514455246,154609773,250201949,1.64291,-0.00709462
typical,59,586101932,267392036,250201949,1.64909,-0.000907009
typical,60,746728261,1494732345,250201949,1.6573,0.00729986
typical,61,509954177,1549845650,250201949,1.65243,0.00242513
typical,62,503365714,1192498500,250201949,1.6376,-0.0124032
typical,63,2125293398,747389274,250201949,1.64593,-0.00406852
typical,64,271887338,1939369981,250201949,1.64589,-0.00411297
typical,65,1092535461,1664168257,250201949,1.65163,0.00163398
typical,66,1411384989,233001782,250201949,1.65032,0.000319753
typical,67,1718318705,1170092607,250201949,1.6455,-0.00450137
typical,68,940786361,944324734,250201949,1.6494,-0.000595867
typical,69,615770257,1153576611,250201949,1.65357,0.00356604
typical,70,1301661084,407380223,250201949,1.64517,-0.00483184
typical,71,1225661513,1055877490,250201949,1.65468,0.00468298
typical,72,1771429235,1344603700,250201949,1.64982,-0.000177036
typical,73,842743174,1267501672,250201949,1.64758,-0.00241536
typical,74,1419680100,2021965827,250201949,1.64979,-0.00021037
typical,75,1317080470,1520240822,250201949,1.6554,0.00539703
typical,76,209321794,437728266,250201949,1.65361,0.00360506
typical,77,1874252428,716118916,250201949,1.64696,-0.00304194
typical,78,897078023,198578317,250201949,1.65103,0.00102889
typical,79,1643104486,1209688986,250201949,1.65039,0.000387488
typical,80,947371594,372350356,250201949,1.65425,0.00425459
typical,81,2028604092,1671613535,250201949,1.65427,0.0042692
typical,82,662063131,1461717428,250201949,1.64941,-0.00059065
typical,83,60986515,1575711927,250201949,1.64069,-0.00931203
typical,84,1260484565,1227923477,250201949,1.65393,0.00392511
typical,85,1113242874,120154511,250201949,1.65543,0.00543444
typical,86,435622782,928605546,250201949,1.65666,0.00665771
typical,87,1019572392,58874105,250201949,1.63618,-0.0138201
typical,88,610332930,1212305476,250201949,1.65635,0.00635442
typical,89,1588055191,1033719776,250201949,1.65113,0.0011277
typical,90,340966819,558790171,250201949,1.64593,-0.00406915
typical,91,1775073255,1623649699,250201949,1.64613,-0.0038699
typical,92,116870257,745977231,250201949,1.63855,-0.011455
typical,93,557225235,1825767549,250201949,1.64007,-0.00993414
typical,94,1885297475,1649262184,250201949,1.64232,-0.00768019
typical,95,1475463468,1761634840,250201949,1.65056,0.000560663
typical,96,2121431237,385421631,250201949,1.64858,-0.00142204
typical,97,1414413312,1629196673,250201949,1.65367,0.00367257
typical,98,1330403132,1545762894,250201949,1.64343,-0.00657394
typical,99,100352184,1174405861,250201949,1.65288,0.00288396
typical,100,776146996,1658587438,250201949,1.64775,-0.00224892
typical,101,634305501,251946914,250201949,1.63717,-0.0128291
typical,102,2140510230,753845569,250201949,1.64338,-0.00661515
typical,103,1073390287,1745657164,250201949,1.64533,-0.00466548
typical,104,2035304040,1419838590,250201949,1.65017,0.00017272
typical,105,45540415,1569537150,250201949,1.65325,0.00325024
typical,106,1494318629,1444120260,250201949,1.6521,0.00210053
typical,107,1942782985,605904101,250201949,1.65917,0.00916821
typical,108,723015751,387991322,250201949,1.64048,-0.00951685
typical,109,882663314,1481627484,250201949,1.64707,-0.00292593
typical,110,357900009,1472357459,250201949,1.64747,-0.00252916
typical,111,1254802414,834909530,250201949,1.64809,-0.00190738
typical,112,914822755,1576301215,250201949,1.64715,-0.00284505
typical,113,1021247041,1152237904,250201949,1.64364,-0.00636214
typical,114,479665842,121848307,250201949,1.64698,-0.00301768
typical,115,1979798181,849093393,250201949,1.65702,0.0070185
typical,116,2117712289,1851728359,250201949,1.64842,-0.00158045
typical,117,1919254044,1022994566,250201949,1.64379,-0.00620635
typical,118,1332419948,2135393777,250201949,1.64368,-0.00632139
typical,119,467765202,186039349,250201949,1.6554,0.00539952
typical,120,1846824126,1717937603,250201949,1.65804,0.00804171
typical,121,2126434687,809721325,250201949,1.65754,0.00754089
typical,122,1895268951,1841585418,250201949,1.65459,0.00459038
typical,123,464750382,290246678,250201949,1.64744,-0.00255649
typical,124,168915960,1901688109,250201949,1.6475,-0.00250019
typical,125,1057371930,1805080684,250201949,1.64616,-0.00384327
typical,126,5712560,1833690655,250201949,1.65603,0.00602527
typical,127,44534954,347163123,250201949,1.65244,0.00244242
typical,128,129202832,503557099,250201949,1.64501,-0.00498918
typical,129,1075252088,1064741940,250201949,1.6529,0.0029041
typical,130,1659276464,978529187,250201949,1.66198,0.0119816
typical,131,882993829,1344218175,250201949,1.64608,-0.00391768
typical,132,1193978177,557043035,250201949,1.64431,-0.00568717
typical,133,1219140548,496725995,250201949,1.65044,0.000437096
typical,134,811395693,1081910121,250201949,1.65104,0.00103988
typical,135,1565515174,1573062532,250201949,1.65266,0.00266014
typical,136,1408954321,1672307529,250201949,1.65057,0.000567556
typical,137,1226614105,30594168,250201949,1.65714,0.00713748
typical,138,1058929177,1308354816,250201949,1.6485,-0.00149576
typical,139,53733599,1054411946,250201949,1.65837,0.00836804
typical,140,673831711,865096016,250201949,1.6462,-0.00380473
typical,141,857021063,1358284948,250201949,1.64973,-0.000266506
typical,142,79409913,578866209,250201949,1.6493,-0.000701612
typical,143,1983545063,1095231384,250201949,1.64883,-0.00116948
typical,144,853220683,2090868806,250201949,1.64819,-0.00180983
typical,145,271673838,2147329308,250201949,1.63828,-0.0117208
typical,146,1095731603,1183634964,250201949,1.64219,-0.00780792
typical,147,959207314,487127855,250201949,1.65029,0.00029193
typical,148,289540357,1945965975,250201949,1.65062,0.000623943
typical,149,536925388,2074942125,250201949,1.6502,0.000197326
typical,150,164522721,742843649,250201949,1.63961,-0.0103911
typical,151,247125088,2090793989,250201949,1.65261,0.00261138
typical,152,418177316,1282252564,250201949,1.65009,8.99899e-05
typical,153,918161026,2076665065,250201949,1.64755,-0.0024545
typical,154,841102576,1916996193,250201949,1.65285,0.00285095
typical,155,557433351,892240817,250201949,1.649,-0.000999702
typical,156,1385174125,1178463143,250201949,1.6474,-0.00260084
typical,157,1659133833,1485076331,250201949,1.65049,0.000492924
typical,158,71049949,891875144,250201949,1.65154,0.00153529
typical,159,1307609289,224023924,250201949,1.64384,-0.00616363
typical,160,1185448135,76908601,250201949,1.64742,-0.00258225
typical,161,1246896576,394931640,250201949,1.64378,-0.00622103
typical,162,1604228771,730940353,250201949,1.65486,0.00485929
typical,163,822201932,527043833,250201949,1.64849,-0.00150656
typical,164,1458699217,1592731909,250201949,1.64812,-0.00187676
typical,165,60841246,2023230328,250201949,1.64709,-0.00291124
typical,166,737507412,1832010321,250201949,1.64998,-2.16523e-05
typical,167,1166089538,1743707485,250201949,1.65858,0.00858367
typical,168,1546259650,1305055608,250201949,1.65041,0.000406014
typical,169,1536012865,1012861954,250201949,1.65187,0.00187075
typical,170,1151032206,471679861,250201949,1.64593,-0.00406969
typical,171,752332550,1173747224,250201949,1.65403,0.00402852
typical,172,1829950160,1964976845,250201949,1.64955,-0.000448476
typical,173,424930421,948075911,250201949,1.6545,0.00450205
typical,174,1635276156,235557147,250201949,1.64982,-0.000179376
typical,175,2030085200,1563192925,250201949,1.6448,-0.0052026
typical,176,1457399798,1816077703,250201949,1.64767,-0.00232722
typical,177,231885450,1734941217,250201949,1.65186,0.00186467
typical,178,1373071475,824949184,250201949,1.65377,0.00376761
typical,179,2043033202,1176837868,250201949,1.65351,0.00350865
typical,180,264946204,1140944664,250201949,1.65453,0.00452511
typical,181,828241299,414321072,250201949,1.64262,-0.0073789
typical,182,1921119351,1766655288,250201949,1.64901,-0.000987007
typical,183,871971801,1323472347,250201949,1.6506,0.00060046
typical,184,764771432,1267565384,250201949,1.65835,0.00834865
typical,185,863610712,1527372697,250201949,1.65702,0.00702108
typical,186,259361855,620639255,250201949,1.64589,-0.00410981
typical,187,1284427952,827524825,250201949,1.64938,-0.000616365
typical,188,322862487,434851808,250201949,1.65369,0.00368809
typical,189,46893759,1804424633,250201949,1.6464,-0.0036035
typical,190,1222278986,1665251116,250201949,1.64891,-0.00108615
typical,191,932708066,249059815,250201949,1.65564,0.00563961
typical,192,1633585117,834097274,250201949,1.65157,0.00156594
typical,193,1129716523,1152775787,250201949,1.65194,0.00194354
typical,194,1360005800,1058830500,250201949,1.6392,-0.0107962
typical,195,1840173252,944794745,250201949,1.65419,0.00419402
typical,196,1002604530,355825807,250201949,1.65234,0.00234304
typical,197,843857223,1088669250,250201949,1.6472,-0.00279787
typical,198,1482912764,927568146,250201949,1.64849,-0.00151088
typical,199,377570197,575609174,250201949,1.64358,-0.00642061
typical,200,426875772,1345742411,250201949,1.65584,0.00584403
typical,201,805223504,488692311,250201949,1.64635,-0.00365116
typical,202,1551389456,2049639239,250201949,1.64828,-0.00172415
typical,203,261911386,1134853987,250201949,1.65011,0.000107687
typical,204,2127904446,1210232173,250201949,1.64684,-0.00315676
typical,205,1685049997,1534820871,250201949,1.64014,-0.00985848
typical,206,1933604930,507335699,250201949,1.64493,-0.00506539
typical,207,119490077,1895033443,250201949,1.65384,0.00384497
typical,208,1508114165,983789171,250201949,1.65163,0.00162575
typical,209,1335277004,1139865467,250201949,1.6462,-0.00379583
typical,210,673238654,563548331,250201949,1.65303,0.00302831
typical,211,1794037357,719844404,250201949,1.65493,0.00493306
typical,212,448635473,1811679217,250201949,1.65146,0.00145897
typical,213,2034192746,1864594076,250201949,1.64677,-0.00323207
typical,214,1341351956,194646637,250201949,1.64991,-8.6079e-05
typical,215,881001694,1831086068,250201949,1.65135,0.00135241
typical,216,1396270632,143954345,250201949,1.64496,-0.00504217
typical,217,1379634599,1021546502,250201949,1.65311,0.00311307
typical,218,429932393,1715588543,250201949,1.64885,-0.00114868
typical,219,1023354541,1943634688,250201949,1.64651,-0.00348715
typical,220,68074094,246288031,250201949,1.64659,-0.00341285
typical,221,1423568338,181355093,250201949,1.64494,-0.00505848
typical,222,1861619863,412399900,250201949,1.65037,0.000365802
typical,223,618346022,663114699,250201949,1.65484,0.00484435
typical,224,952218845,201616051,250201949,1.663,0.0130046
typical,225,1977350218,227669920,250201949,1.65137,0.00137417
typical,226,1172834404,789532542,250201949,1.65008,7.83901e-05
typical,227,1473752179,819060384,250201949,1.654,0.00400265
typical,228,99191204,2125105241,250201949,1.65516,0.00516028
typical,229,1832465841,2070954373,250201949,1.65806,0.00806031
typical,230,1381785211,455556081,250201949,1.65313,0.00312772
typical,231,616644083,1312374007,250201949,1.64761,-0.00239095
typical,232,1446201977,1811674497,250201949,1.65189,0.00189051
typical,233,400725029,414697080,250201949,1.64601,-0.00399052
typical,234,695592339,575614819,250201949,1.65086,0.000857361
typical,235,185098406,1837634661,250201949,1.64184,-0.0081572
typical,236,1950678968,967864568,250201949,1.64557,-0.00442662
typical,237,783845757,750177576,250201949,1.65588,0.00587662
typical,238,1835270591,1823807400,250201949,1.65536,0.0053579
typical,239,1039382938,1534844243,250201949,1.65147,0.00146827
typical,240,731191044,680488370,250201949,1.64941,-0.000587869
typical,241,163212621,1547358056,250201949,1.64916,-0.000841525
typical,242,967706662,833848927,250201949,1.64349,-0.0065111
typical,243,148975756,91765281,250201949,1.66021,0.0102148
typical,244,1964420222,435451220,250201949,1.65403,0.00402759
typical,245,1654126175,2006729673,250201949,1.64346,-0.00653715
typical,246,95073595,1903663530,250201949,1.65343,0.00342841
typical,247,1978420997,1068358151,250201949,1.64535,-0.00465194
typical,248,1016018634,1087688040,250201949,1.64995,-5.18763e-05
typical,249,1377061815,1094696426,250201949,1.65725,0.00725072
typical,250,894132982,293953875,250201949,1.65296,0.00295983
typical,251,211607550,909116503,250201949,1.65681,0.00681035
typical,252,596781695,925312897,250201949,1.64816,-0.0018427
typical,253,1728092154,1397479694,250201949,1.6559,0.00589765
typical,254,666229233,228113604,250201949,1.65179,0.00178829
typical,255,2128598740,1815569855,250201949,1.6486,-0.00140188
typical,256,1784168897,957379257,250201949,1.64605,-0.00395317
typical,257,327126137,651159823,250201949,1.65742,0.00742403
typical,258,1805421651,583926847,250201949,1.65558,0.00558379
typical,259,1780925438,259100471,250201949,1.6509,0.000904473
typical,260,2100358415,1037761128,250201949,1.65361,0.00361228
typical,261,667149435,996212176,250201949,1.64955,-0.000451516
typical,262,1197181637,2099875960,250201949,1.64906,-0.000944186
typical,263,1131977013,938187697,250201949,1.65918,0.00918114
typical,264,63208793,2129613992,250201949,1.65174,0.00173563
typical,265,371450317,655244558,250201949,1.65259,0.00258764
typical,266,492645360,629805546,250201949,1.65489,0.00489241
typical,267,1392278226,1583417641,250201949,1.64815,-0.00184653
typical,268,1168170519,610923339,250201949,1.64932,-0.000682856
typical,269,142833248,522598358,250201949,1.64654,-0.00345969
typical,270,623469307,417626282,250201949,1.6506,0.000602898
typical,271,1312684732,900616029,250201949,1.65041,0.000409171
typical,272,1073850619,295067186,250201949,1.65432,0.00432137
typical,273,348043982,400351849,250201949,1.64929,-0.00070649
typical,274,970461754,430160934,250201949,1.65407,0.00406623
typical,275,993109450,722606308,250201949,1.64966,-0.000341725
typical,276,2051558670,1877194514,250201949,1.64879,-0.00120993
typical,277,181154851,1223186686,250201949,1.654,0.00400482
typical,278,192958660,923731562,250201949,1.65164,0.00163518
typical,279,694206904,1111892749,250201949,1.64985,-0.000148257
typical,280,1435335012,2129398645,250201949,1.6517,0.00170214
typical,281,1955702207,926606991,250201949,1.65313,0.00312703
typical,282,218242019,481176989,250201949,1.64495,-0.00505404
typical,283,29312116,630834926,250201949,1.65439,0.00438997
typical,284,1394526585,1383670840,250201949,1.64701,-0.00298963
typical,285,1230622049,1178164787,250201949,1.64599,-0.00401491
typical,286,1088007659,960866250,250201949,1.65414,0.00414252
typical,287,1187475530,1067889611,250201949,1.65419,0.00419383
typical,288,1962943537,2110311269,250201949,1.64817,-0.00183156
typical,289,1576046865,2049636423,250201949,1.65211,0.0021056
typical,290,499961535,2026221968,250201949,1.65,2.20226e-06
typical,291,174616302,165784217,250201949,1.65042,0.00041707
typical,292,1992159627,594118212,250201949,1.64908,-0.00091941
typical,293,1221270502,1123319406,250201949,1.66242,0.0124183
typical,294,2052529397,2055426467,250201949,1.66159,0.0115852
typical,295,2014227445,1632511576,250201949,1.65313,0.00312906
typical,296,345760676,1339347509,250201949,1.65726,0.00726298
typical,297,46893688,1412404831,250201949,1.64412,-0.00587809
typical,298,1518448410,563809300,250201949,1.65111,0.00110809
typical,299,1729627525,1981831931,250201949,1.65124,0.001237
ff,0,1995730792,1338284299,558766540,1.65471,0.00471398
ff,1,401178685,77679007,558766540,1.65229,0.00229066
ff,2,254508664,1796383430,558766540,1.64738,-0.00261657
ff,3,458533381,1854614208,558766540,1.64939,-0.000610649
ff,4,1346590650,3688412,558766540,1.65167,0.00166987
ff,5,1261834439,1988447327,558766540,1.65178,0.00177871
ff,6,1596113074,1093097533,558766540,1.64427,-0.00573012
ff,7,1751067358,1227725094,558766540,1.66127,0.0112738
ff,8,1691115344,855566080,558766540,1.65546,0.00545855
ff,9,897052031,1578056629,558766540,1.64496,-0.00504407
ff,10,893161525,857365023,558766540,1.64899,-0.0010129
ff,11,226030501,1129521986,558766540,1.64688,-0.00312049
ff,12,1658585559,415035618,558766540,1.6518,0.00179995
ff,13,503108018,1417377012,558766540,1.64846,-0.00153775
ff,14,1754066446,423070270,558766540,1.64912,-0.000881766
ff,15,2089799437,1562884647,558766540,1.65026,0.000257845
ff,16,1198036763,175460725,558766540,1.6583,0.00829706
ff,17,361112360,260854216,558766540,1.64204,-0.00796026
ff,18,553377496,1775083695,558766540,1.65173,0.00173007
ff,19,1743241051,1096203033,558766540,1.64855,-0.00144634
ff,20,1180429154,1161131121,558766540,1.65209,0.00208963
ff,21,1108178055,241566642,558766540,1.65869,0.00868627
ff,22,1429242640,922896719,558766540,1.65617,0.00617278
ff,23,1329603875,821264266,558766540,1.65566,0.00565833
ff,24,1759145196,8538169,558766540,1.64741,-0.00258692
ff,25,308281374,938104562,558766540,1.64755,-0.00244588
ff,26,2129572229,576284426,558766540,1.64302,-0.00698495
ff,27,1055417998,762831419,558766540,1.65493,0.00492996
ff,28,33535112,1715627168,558766540,1.64444,-0.00556468
ff,29,719071787,914527730,558766540,1.65026,0.000262325
ff,30,868777466,2065870523,558766540,1.64266,-0.00734119
ff,31,1168415783,839051434,558766540,1.64637,-0.00363064
ff,32,1047034589,139709440,558766540,1.64134,-0.00865749
ff,33,1832816665,1702713338,558766540,1.64542,-0.00458359
ff,34,1105564609,636525621,558766540,1.65439,0.00439034
ff,35,1711231137,1057280769,558766540,1.65176,0.00175953
ff,36,1315105765,411343197,558766540,1.655,0.00500095
ff,37,866765641,141337503,558766540,1.64899,-0.00101047
ff,38,1698806713,780129821,558766540,1.6453,-0.00470377
ff,39,2119850594,2078047439,558766540,1.65277,0.00276712
ff,40,1577492792,995021825,558766540,1.64725,-0.0027476
ff,41,843483642,1019712712,558766540,1.6492,-0.000797992
ff,42,619069706,256947290,558766540,1.64504,-0.0049616
ff,43,1287288796,1750083823,558766540,1.64723,-0.00277326
ff,44,425565634,915389841,558766540,1.65148,0.00147893
ff,45,1983840015,1502418612,558766540,1.64265,-0.00734852
ff,46,1717448852,853388521,558766540,1.65,-3.86957e-06
ff,47,1325554505,106998548,558766540,1.64482,-0.00517778
ff,48,1989390036,1728888514,558766540,1.65729,0.00728941
ff,49,429435131,1570039629,558766540,1.63947,-0.0105308
ff,50,2042667535,2040997325,558766540,1.65091,0.000911717
ff,51,502916815,604024106,558766540,1.64426,-0.00573849
ff,52,158211346,589992943,558766540,1.65314,0.00313748
ff,53,1352983941,1879832330,558766540,1.64235,-0.00764891
ff,54,1092674675,290918264,558766540,1.64615,-0.00385304
ff,55,464656241,1832223108,558766540,1.65477,0.00476939
ff,56,244777645,290981154,558766540,1.64806,-0.00194241
ff,57,552633977,2072310974,558766540,1.65033,0.000333604
ff,58,1763639714,1826025152,558766540,1.65252,0.00252477
ff,59,96930632,1235263398,558766540,1.64806,-0.00193862
ff,60,1706379655,1871572956,558766540,1.6492,-0.000801473
ff,61,38100619,886475475,558766540,1.64469,-0.00531323
ff,62,860004552,1711738557,558766540,1.65672,0.00672033
ff,63,1019429858,470883533,558766540,1.6482,-0.00179503
ff,64,2052815423,665976845,558766540,1.64947,-0.000530381
ff,65,865795315,1246661602,558766540,1.63954,-0.0104579
ff,66,689138024,1711731563,558766540,1.64414,-0.00586047
ff,67,1629687555,1899269564,558766540,1.64983,-0.000170754
ff,68,1602366258,1329825296,558766540,1.65482,0.0048198
ff,69,1728241887,531706913,558766540,1.65275,0.00275087
ff,70,1347765736,1887335071,558766540,1.65928,0.00927752
ff,71,1194552968,1984492475,558766540,1.65608,0.0060811
ff,72,925509659,1844487510,558766540,1.65182,0.0018158
ff,73,1059619971,709033558,558766540,1.64773,-0.00226566
ff,74,75887038,992740978,558766540,1.64671,-0.00328796
ff,75,1922638378,1611901483,558766540,1.6477,-0.0022995
ff,76,1800419686,81145381,558766540,1.65143,0.00142935
ff,77,748234642,90930140,558766540,1.64737,-0.00263248
ff,78,322520821,1938203468,558766540,1.65326,0.00325738
ff,79,2002701638,363544113,558766540,1.65335,0.00335249
ff,80,1478096131,1402957968,558766540,1.6489,-0.00109524
ff,81,2085455804,554740246,558766540,1.64318,-0.00682168
ff,82,1124870882,142396555,558766540,1.64196,-0.00804107
ff,83,448316130,67922568,558766540,1.64927,-0.000733813
ff,84,894410535,1528676569,558766540,1.6514,0.0014021
ff,85,1483677864,699617523,558766540,1.64622,-0.00377919
ff,86,933728872,1774130453,558766540,1.65197,0.00197035
ff,87,284990835,940729819,558766540,1.64566,-0.00434285
ff,88,245299988,184998904,558766540,1.65164,0.00164435
ff,89,65441389,2121386171,558766540,1.64251,-0.00749331
ff,90,927049112,1834530688,558766540,1.64992,-8.22916e-05
ff,91,418798675,1051405011,558766540,1.65262,0.00262065
ff,92,636487450,1719351965,558766540,1.64488,-0.00511518
ff,93,1935553234,832294766,558766540,1.64328,-0.00671928
ff,94,963190923,1981994022,558766540,1.64799,-0.00201124
ff,95,632250167,20707710,558766540,1.65167,0.00167136
ff,96,1296198532,1805290349,558766540,1.65083,0.000833047
ff,97,577979605,540951672,558766540,1.65291,0.00291461
ff,98,2050812738,1083448905,558766540,1.64242,-0.00758203
ff,99,346787487,1459661579,558766540,1.64387,-0.00613224
ff,100,1537513566,1978415984,558766540,1.65205,0.00205275
ff,101,1722795744,1633009179,558766540,1.64989,-0.000111484
ff,102,1009061531,1459431232,558766540,1.64729,-0.00271031
ff,103,219586647,1821436683,558766540,1.64669,-0.00331322
ff,104,660193000,1954939530,558766540,1.646,-0.0039996
ff,105,535832393,1701413472,558766540,1.65047,0.000470831
ff,106,1876919504,56923721,558766540,1.64982,-0.000181122
ff,107,917833088,1003195017,558766540,1.65245,0.00245156
ff,108,716562805,298945735,558766540,1.64398,-0.00602158
ff,109,1970119093,1647051485,558766540,1.64211,-0.00789205
ff,110,1997220764,1672334740,558766540,1.64845,-0.00155315
ff,111,399346062,450305293,558766540,1.65186,0.00185939
ff,112,1179286123,1299350319,558766540,1.65089,0.000894058
ff,113,865183810,917026394,558766540,1.65555,0.00554776
ff,114,1324578916,401940441,558766540,1.65127,0.00126886
ff,115,560523575,16288513,558766540,1.65393,0.00392596
ff,116,653126635,86129050,558766540,1.65289,0.00288935
ff,117,1535231853,1348159504,558766540,1.65137,0.00136836
ff,118,1400771506,633630358,558766540,1.64471,-0.00529039
ff,119,1572465439,1781821229,558766540,1.65424,0.00423548
ff,120,1680442727,1286682436,558766540,1.6425,-0.00749816
ff,121,1889080914,1799318740,558766540,1.65609,0.0060923
ff,122,605623139,305060105,558766540,1.65136,0.0013647
ff,123,2026472340,2123525367,558766540,1.65018,0.000180597
ff,124,1437245684,1788218511,558766540,1.65098,0.000975646
ff,125,1235660794,1987372600,558766540,1.64834,-0.00165774
ff,126,595131705,1201378702,558766540,1.64347,-0.00653302
ff,127,729805175,1200669307,558766540,1.65683,0.00683415
ff,128,1200751955,2006327800,558766540,1.6523,0.00230215
ff,129,390833406,627061637,558766540,1.64651,-0.00348877
ff,130,957859559,1443175245,558766540,1.65528,0.00528453
ff,131,1127766703,862485046,558766540,1.64527,-0.00473125
ff,132,94920671,1562155912,558766540,1.65115,0.00114916
ff,133,1673221897,1428361800,558766540,1.65009,9.16663e-05
ff,134,1293549682,400785230,558766540,1.65532,0.00531761
ff,135,1240629981,20474276,558766540,1.65016,0.000156648
ff,136,1098589364,851690802,558766540,1.65674,0.00673579
ff,137,855746590,425238948,558766540,1.65742,0.00741763
ff,138,451488215,1661083097,558766540,1.64991,-9.09792e-05
ff,139,1530243385,226345505,558766540,1.65053,0.000531399
ff,140,549746533,499023661,558766540,1.65137,0.00136638
ff,141,347732601,1693671575,558766540,1.64993,-7.42187e-05
ff,142,1709186389,401397503,558766540,1.64547,-0.00453069
ff,143,878836048,735353328,558766540,1.64327,-0.00672819
ff,144,430023926,1405159709,558766540,1.6407,-0.00930377
ff,145,1999406709,1453597344,558766540,1.65655,0.00655044
ff,146,350628661,2043630750,558766540,1.65723,0.00723156
ff,147,1338077056,1904396801,558766540,1.64522,-0.00477895
ff,148,1783162880,1318219924,558766540,1.65353,0.00353426
ff,149,2099378209,2003685322,558766540,1.6484,-0.0015951
ff,150,1497412913,1652947654,558766540,1.64874,-0.00125671
ff,151,2101330653,634856226,558766540,1.64943,-0.000566038
ff,152,1200156796,595428231,558766540,1.65509,0.00508751
ff,153,730302935,1120388411,558766540,1.65101,0.00100719
ff,154,211144535,1133136810,558766540,1.6504,0.000403638
ff,155,292822008,284692665,558766540,1.64773,-0.00227287
ff,156,1888490206,1657109889,558766540,1.65673,0.0067325
ff,157,1296291980,1059563389,558766540,1.6488,-0.00119943
ff,158,199370691,1157044637,558766540,1.64619,-0.00380706
ff,159,513534984,1924206149,558766540,1.65691,0.00690599
ff,160,635412494,1704696409,558766540,1.6436,-0.00640433
ff,161,1867078195,1488480417,558766540,1.64354,-0.00646349
ff,162,566900430,972901842,558766540,1.64627,-0.00373338
ff,163,1211685454,409629785,558766540,1.6505,0.000504192
ff,164,1049637146,272400132,558766540,1.65483,0.00482697
ff,165,1338878579,1407560122,558766540,1.64462,-0.00538363
ff,166,1716998347,175460270,558766540,1.64706,-0.00293882
ff,167,1625280699,245750933,558766540,1.64582,-0.00417572
ff,168,303626529,738095766,558766540,1.64647,-0.00353055
ff,169,765599510,335059215,558766540,1.65032,0.000318017
ff,170,663645633,251350182,558766540,1.64907,-0.000929316
ff,171,382653418,217960264,558766540,1.64424,-0.00575544
ff,172,191020854,2118712408,558766540,1.65104,0.00104313
ff,173,1794871810,419502724,558766540,1.64504,-0.00495837
ff,174,1508989195,796884756,558766540,1.65055,0.000545821
ff,175,1833100823,1046515158,558766540,1.65521,0.00521052
ff,176,238215763,2037297366,558766540,1.64259,-0.00741175
ff,177,1664087042,413093943,558766540,1.64076,-0.00923621
ff,178,1973940536,1500772735,558766540,1.64905,-0.0009508
ff,179,354006941,1066773960,558766540,1.65709,0.00709397
ff,180,320309810,2104174766,558766540,1.64193,-0.00806853
ff,181,689639049,1082568610,558766540,1.65248,0.00248338
ff,182,35905063,1195195358,558766540,1.65618,0.00618474
ff,183,787139905,598892777,558766540,1.65019,0.000193368
ff,184,33260554,1868906525,558766540,1.64818,-0.00182273
ff,185,1525827320,532911391,558766540,1.64858,-0.00142335
ff,186,1124239017,1550430322,558766540,1.64673,-0.00327239
ff,187,709678970,374089429,558766540,1.65375,0.00374941
ff,188,1233790115,900636963,558766540,1.65112,0.00112227
ff,189,2107457432,141776430,558766540,1.65167,0.00166732
ff,190,501960207,2117697469,558766540,1.65577,0.00576973
ff,191,693344946,804725443,558766540,1.649,-0.000995706
ff,192,723175588,1331761,558766540,1.65768,0.00768195
ff,193,1737612310,249058936,558766540,1.64617,-0.00382832
ff,194,1463724156,967831307,558766540,1.65568,0.005676
ff,195,1706978398,779589402,558766540,1.65117,0.0011716
ff,196,136871865,494602954,558766540,1.647,-0.00300256
ff,197,285062206,1807113652,558766540,1.65415,0.00414655
ff,198,1595795779,109722378,558766540,1.64673,-0.00327171
ff,199,2108705034,1737409647,558766540,1.64828,-0.0017193
ff,200,965471197,1737132361,558766540,1.64662,-0.00338242
ff,201,1096332268,110196549,558766540,1.65022,0.000216577
ff,202,853009861,460599249,558766540,1.6499,-9.81032e-05
ff,203,1808759708,411808613,558766540,1.65445,0.00444845
ff,204,1503182696,969010566,558766540,1.6559,0.00589968
ff,205,34604844,2122971984,558766540,1.65338,0.00338436
ff,206,1049627134,1911856906,558766540,1.64626,-0.00374008
ff,207,1384025058,250404270,558766540,1.6495,-0.00049541
ff,208,1592783182,1474715747,558766540,1.65316,0.00315819
ff,209,1438144163,879312295,558766540,1.64671,-0.00328665
ff,210,955783576,658166603,558766540,1.65544,0.00544005
ff,211,9746573,777297279,558766540,1.65187,0.00187339
ff,212,1519857403,1797432704,558766540,1.64379,-0.00621421
ff,213,1580671486,495930112,558766540,1.65709,0.00708684
ff,214,2013306653,733855083,558766540,1.6496,-0.000403608
ff,215,495730309,1829329696,558766540,1.65188,0.00188453
ff,216,196461281,1844907557,558766540,1.65136,0.00136225
ff,217,936347986,654038966,558766540,1.65295,0.00294504
ff,218,493714714,1383896432,558766540,1.64674,-0.00325947
ff,219,776273445,39603658,558766540,1.65729,0.00729316
ff,220,170242046,76320733,558766540,1.65224,0.00224304
ff,221,1168925219,1156665612,558766540,1.65187,0.0018733
ff,222,2062622166,898449359,558766540,1.64915,-0.000849197
ff,223,507666224,1397172148,558766540,1.65242,0.00242485
ff,224,2003741530,980466493,558766540,1.64392,-0.00607506
ff,225,1343800808,220318845,558766540,1.64998,-2.09499e-05
ff,226,1761720271,464024662,558766540,1.64623,-0.00376684
ff,227,1396228435,1940651205,558766540,1.65515,0.00515435
ff,228,408426652,353469188,558766540,1.65127,0.00127279
ff,229,329623993,1439445283,558766540,1.65071,0.000705748
ff,230,97759059,816687160,558766540,1.64623,-0.00377312
ff,231,1115819047,1088660172,558766540,1.64698,-0.00301838
ff,232,170379117,1848595108,558766540,1.6432,-0.00680078
ff,233,1392010377,804735723,558766540,1.65139,0.00139225
ff,234,1655334423,2040492967,558766540,1.64012,-0.00988479
ff,235,1712131951,1456915012,558766540,1.64534,-0.0046558
ff,236,1687469846,1438967090,558766540,1.64477,-0.00522838
ff,237,1661012062,1115147914,558766540,1.64758,-0.00242347
ff,238,1853617978,436512488,558766540,1.65059,0.000587133
ff,239,924761596,174259659,558766540,1.65616,0.0061581
ff,240,1920259497,1118212244,558766540,1.64714,-0.00285957
ff,241,799574841,63683077,558766540,1.65429,0.00429006
ff,242,1457375741,1250990418,558766540,1.65043,0.000432465
ff,243,507267486,1910531687,558766540,1.64976,-0.000243722
ff,244,419682480,1320081902,558766540,1.65342,0.00342197
ff,245,2001575831,768323443,558766540,1.65638,0.00638292
ff,246,134260962,734692200,558766540,1.65089,0.000892488
ff,247,757676085,909080233,558766540,1.64674,-0.0032613
ff,248,20480579,1635362073,558766540,1.64899,-0.00100649
ff,249,360208246,796637909,558766540,1.64277,-0.00723219
ff,250,1682157029,738983826,558766540,1.64417,-0.00583228
ff,251,906706292,850307413,558766540,1.64796,-0.00204471
ff,252,1529846897,748956080,558766540,1.65031,0.000312757
ff,253,1484850142,716808924,558766540,1.65335,0.00335397
ff,254,375960319,156466816,558766540,1.64385,-0.00615489
ff,255,238048702,1527897671,558766540,1.64377,-0.00623369
ff,256,407788357,801908220,558766540,1.65149,0.00148943
ff,257,587574997,1668644872,558766540,1.65091,0.000908138
ff,258,993591119,1384084300,558766540,1.65285,0.00284508
ff,259,1797660061,1215191949,558766540,1.64554,-0.00446076
ff,260,757564575,1645988849,558766540,1.64858,-0.0014194
ff,261,1124316947,910478448,558766540,1.64032,-0.00967993
ff,262,1573844519,1426624269,558766540,1.65858,0.00858384
ff,263,1882410330,1459848403,558766540,1.6463,-0.00370411
ff,264,846230562,1245949227,558766540,1.65136,0.00135807
ff,265,1475135317,68970443,558766540,1.6574,0.0074024
ff,266,1316871272,228963753,558766540,1.64849,-0.00150991
ff,267,1510786790,1554545589,558766540,1.64666,-0.00333885
ff,268,1199068367,1381941563,558766540,1.64666,-0.00334087
ff,269,1814913893,1950177171,558766540,1.65304,0.0030387
ff,270,1343526782,781708076,558766540,1.65342,0.00342453
ff,271,455175358,625596430,558766540,1.64714,-0.00286025
ff,272,867244296,152998838,558766540,1.65014,0.000142988
ff,273,136493160,1450602760,558766540,1.64665,-0.00335256
ff,274,1888714734,1450745939,558766540,1.65241,0.00240549
ff,275,441772789,1395475622,558766540,1.65498,0.0049828
ff,276,49663216,1656133028,558766540,1.65614,0.00614448
ff,277,256919020,1191236450,558766540,1.65098,0.000981716
ff,278,1558924831,839271610,558766540,1.64546,-0.00454398
ff,279,886606221,442921781,558766540,1.6484,-0.00160319
ff,280,337545951,924283694,558766540,1.65349,0.00349375
ff,281,1737334044,766089078,558766540,1.65254,0.00253935
ff,282,26368182,802530044,558766540,1.64783,-0.00217086
ff,283,1615890295,421885655,558766540,1.65205,0.00204843
ff,284,381640511,507015216,558766540,1.64952,-0.000482053
ff,285,878800003,473326662,558766540,1.64346,-0.00653922
ff,286,170480514,1797750900,558766540,1.65206,0.00205824
ff,287,961913907,702726801,558766540,1.65118,0.00118487
ff,288,1567157754,536963925,558766540,1.65544,0.00544022
ff,289,1263914262,1441189409,558766540,1.65043,0.000429286
ff,290,1868174503,2046042041,558766540,1.65222,0.00222016
ff,291,284353822,2085032593,558766540,1.64254,-0.00746281
ff,292,1279629332,1850512072,558766540,1.6509,0.000899367
ff,293,1683341882,1688710656,558766540,1.65057,0.000567917
ff,294,453709134,60231655,558766540,1.65136,0.00135763
ff,295,164898672,1345068654,558766540,1.65834,0.00833969
ff,296,1602467939,2014596089,558766540,1.64864,-0.0013555
ff,297,172569479,1610500428,558766540,1.65056,0.000557607
ff,298,901269567,1821822483,558766540,1.64482,-0.00518034
ff,299,2120433441,135510222,558766540,1.64728,-0.00271602
ss,0,712513040,1757987474,280454172,1.66227,0.0122703
ss,1,1419668468,828251435,280454172,1.6574,0.00739515
ss,2,1917699586,2132351872,280454172,1.64571,-0.00429093
ss,3,442684631,66758691,280454172,1.64531,-0.00469276
ss,4,827674175,850404349,280454172,1.64604,-0.00395525
ss,5,1807735885,307422577,280454172,1.64819,-0.00180524
ss,6,1772338657,1781486790,280454172,1.6466,-0.00339641
ss,7,1031596099,1770890021,280454172,1.65889,0.00888701
ss,8,1883006933,1814598314,280454172,1.64972,-0.000281104
ss,9,601523545,678859345,280454172,1.65649,0.00648541
ss,10,1997546472,199374536,280454172,1.64876,-0.00123566
ss,11,1345832667,1859328183,280454172,1.64637,-0.00363486
ss,12,1361255952,1590418809,280454172,1.64205,-0.00795034
ss,13,2042113881,1359364075,280454172,1.65302,0.00301959
ss,14,672865999,529271832,280454172,1.64646,-0.00354015
ss,15,1373647908,826448932,280454172,1.65125,0.00125145
ss,16,2137513022,1481964925,280454172,1.64831,-0.00169132
ss,17,1325135717,1221240069,280454172,1.65399,0.00399404
ss,18,1928912577,944130088,280454172,1.64507,-0.00492937
ss,19,1975376748,73193280,280454172,1.64559,-0.00441194
ss,20,1281602586,87807379,280454172,1.65066,0.000658064
ss,21,804808264,1322948629,280454172,1.65704,0.00703613
ss,22,1767979268,1320639130,280454172,1.64712,-0.00287684
ss,23,1651653494,1746814657,280454172,1.64849,-0.00151114
ss,24,390532778,186643909,280454172,1.65013,0.000126954
ss,25,1284826079,812655084,280454172,1.65011,0.000107441
ss,26,1098817315,827574171,280454172,1.65271,0.00271459
ss,27,1573445484,919156595,280454172,1.64934,-0.000658398
ss,28,709907902,685207046,280454172,1.65872,0.00872273
ss,29,873044838,281768753,280454172,1.65324,0.00323614
ss,30,413901983,898001015,280454172,1.6509,0.000898302
ss,31,367363031,731323293,280454172,1.65109,0.00108713
ss,32,1216589050,1433648710,280454172,1.65261,0.00260697
ss,33,727597280,611611716,280454172,1.65069,0.000691831
ss,34,1715299994,211826450,280454172,1.65561,0.00560541
ss,35,660668103,2043060642,280454172,1.65384,0.00384392
ss,36,836199740,2040802395,280454172,1.65338,0.00337601
ss,37,1464906819,1703682996,280454172,1.64309,-0.0069111
ss,38,142007896,1855780477,280454172,1.65418,0.00417891
ss,39,1896628971,1503596702,280454172,1.64934,-0.00066228
ss,40,1623030947,2129057059,280454172,1.6487,-0.00130072
ss,41,222330866,955513958,280454172,1.64957,-0.000431562
ss,42,713391299,1504164678,280454172,1.65847,0.00846686
ss,43,400301098,1867126684,280454172,1.65437,0.00436669
ss,44,2126660430,2130278867,280454172,1.64959,-0.000408368
ss,45,1974672513,1275322049,280454172,1.64397,-0.00603028
ss,46,872017539,825703287,280454172,1.64349,-0.00650796
ss,47,1960961068,1040848456,280454172,1.65675,0.0067461
ss,48,717206833,1841897136,280454172,1.65095,0.000949918
ss,49,1532927351,1278772473,280454172,1.65421,0.00421312
ss,50,469071558,986576214,280454172,1.65432,0.004322
ss,51,1200221711,849075793,280454172,1.65383,0.00382527
ss,52,1501228454,491254217,280454172,1.65499,0.00499469
ss,53,513590643,1438957826,280454172,1.64794,-0.00206365
ss,54,69286945,1827421242,280454172,1.65073,0.00072619
ss,55,1530897223,1969028097,280454172,1.65903,0.00903055
ss,56,48952819,1028901772,280454172,1.65824,0.00823686
ss,57,598961705,1163224341,280454172,1.64797,-0.00203136
ss,58,536701667,333118805,280454172,1.65104,0.00104088
ss,59,1905231084,1689372654,280454172,1.65351,0.00351307
ss,60,1522240354,543612146,280454172,1.64702,-0.00297648
ss,61,1156515773,1372227260,280454172,1.65386,0.00386333
ss,62,1831150086,513169693,280454172,1.64714,-0.00286219
ss,63,1405468116,235989370,280454172,1.64407,-0.0059272
ss,64,1111779476,1243979806,280454172,1.64603,-0.00396955
ss,65,1460328144,902385226,280454172,1.65324,0.00324115
ss,66,697521796,72935359,280454172,1.65691,0.00690967
ss,67,404249614,958829910,280454172,1.65587,0.00587212
ss,68,1638841411,146094233,280454172,1.65075,0.00075489
ss,69,713520815,2004673065,280454172,1.6512,0.0012014
ss,70,377245274,801650852,280454172,1.64296,-0.00703712
ss,71,113591158,1541683890,280454172,1.64951,-0.000492609
ss,72,1944853938,1024586032,280454172,1.65489,0.00488576
ss,73,737203615,1244341895,280454172,1.65123,0.00123419
ss,74,650771241,1055616738,280454172,1.65156,0.00156425
ss,75,1874069049,554611768,280454172,1.6505,0.000498847
ss,76,1541549497,1481238945,280454172,1.64445,-0.00554561
ss,77,1052361106,556518097,280454172,1.65595,0.00594942
ss,78,94530019,1524324836,280454172,1.64607,-0.00393126
ss,79,1135624666,1402291998,280454172,1.64892,-0.00107851
ss,80,1744970127,645336529,280454172,1.65353,0.00353341
ss,81,1376046860,204983377,280454172,1.65822,0.0082215
ss,82,359471759,1862815291,280454172,1.65246,0.0024595
ss,83,495367475,217447436,280454172,1.64566,-0.00433908
ss,84,742312930,2009590887,280454172,1.64747,-0.00252647
ss,85,227761222,1845971919,280454172,1.65323,0.00323401
ss,86,2019428896,461363103,280454172,1.65103,0.00103459
ss,87,1630834618,556309232,280454172,1.65601,0.00601394
ss,88,393549448,11770577,280454172,1.65467,0.00467225
ss,89,1152533091,1718851302,280454172,1.65295,0.00294958
ss,90,100843060,217992775,280454172,1.65713,0.0071289
ss,91,895253896,1341009608,280454172,1.65274,0.00274056
ss,92,860656139,718537203,280454172,1.65114,0.00113544
ss,93,2072446047,1467406980,280454172,1.65011,0.000110945
ss,94,479185364,1558890468,280454172,1.6398,-0.0101965
ss,95,98173779,1358563439,280454172,1.64309,-0.00690685
ss,96,684456195,1162251167,280454172,1.65441,0.00440861
ss,97,1012872666,523862782,280454172,1.65071,0.000709962
ss,98,450562188,2012274449,280454172,1.65678,0.00677704
ss,99,593864299,1443182199,280454172,1.65921,0.00920696
ss,100,1975442584,1391748950,280454172,1.64689,-0.00310714
ss,101,128958376,867616614,280454172,1.64859,-0.00141057
ss,102,1976675417,1390528663,280454172,1.65336,0.00336252
ss,103,1923837708,1846044420,280454172,1.65921,0.00920929
ss,104,2023852479,1932099080,280454172,1.65474,0.0047386
ss,105,903774503,1414816687,280454172,1.65341,0.00340551
ss,106,1535873460,1145907635,280454172,1.65274,0.00273906
ss,107,1475239076,588749457,280454172,1.65656,0.00656365
ss,108,1789287536,695757248,280454172,1.64398,-0.0060176
ss,109,839132215,1274894050,280454172,1.65552,0.00551824
ss,110,243026807,1450713741,280454172,1.65425,0.00425033
ss,111,753948924,1990350104,280454172,1.65199,0.00199252
ss,112,286655619,1732860387,280454172,1.63917,-0.0108323
ss,113,316707941,367461669,280454172,1.65516,0.00516271
ss,114,764400278,1249400215,280454172,1.65421,0.00420884
ss,115,1918480896,1198209432,280454172,1.6484,-0.00159849
ss,116,33169174,1144340629,280454172,1.64488,-0.00512279
ss,117,776341112,889930199,280454172,1.65241,0.00240539
ss,118,1150533482,1640451668,280454172,1.65681,0.00680974
ss,119,1382949978,440212744,280454172,1.6507,0.000703698
ss,120,708117592,2139748682,280454172,1.64738,-0.00262434
ss,121,526788142,1821526680,280454172,1.64571,-0.00429365
ss,122,1849458383,1973044492,280454172,1.64512,-0.0048791
ss,123,2070807207,202125638,280454172,1.65288,0.00287619
ss,124,386533694,869783947,280454172,1.64841,-0.00158888
ss,125,537822341,1633516178,280454172,1.65113,0.0011262
ss,126,456769824,1159048207,280454172,1.65375,0.00375425
ss,127,661050,1702699013,280454172,1.64253,-0.00747157
ss,128,352855481,1254572434,280454172,1.64691,-0.00309373
ss,129,523492362,1978886366,280454172,1.64488,-0.00511604
ss,130,717049560,1064226042,280454172,1.65117,0.00117435
ss,131,1853096515,1349765629,280454172,1.64658,-0.00342167
ss,132,1755217836,1542123144,280454172,1.64938,-0.000615183
ss,133,37096242,1717190799,280454172,1.65379,0.00379229
ss,134,1223163267,1888571977,280454172,1.6446,-0.00539561
ss,135,1426170747,1133381759,280454172,1.65229,0.00228718
ss,136,1898972171,1778766867,280454172,1.64443,-0.00556639
ss,137,1195285344,244232697,280454172,1.65603,0.00602773
ss,138,807067210,2094204903,280454172,1.64936,-0.000642436
ss,139,992759844,1438477386,280454172,1.64598,-0.00402104
ss,140,270581094,964868865,280454172,1.65419,0.00418801
ss,141,251077401,1757922202,280454172,1.64485,-0.00514605
ss,142,828805869,1394881110,280454172,1.6519,0.0018997
ss,143,718482397,614892058,280454172,1.65762,0.00761698
ss,144,2019789338,818477747,280454172,1.65064,0.000640092
ss,145,314761649,1761447155,280454172,1.64363,-0.0063712
ss,146,877110571,965406991,280454172,1.6521,0.00210179
ss,147,574437555,831945451,280454172,1.65486,0.00485976
ss,148,479125597,1371441572,280454172,1.64834,-0.00166345
ss,149,211775021,1427917255,280454172,1.64542,-0.00457965
ss,150,481971998,975240734,280454172,1.64877,-0.00122829
ss,151,520779460,1902651454,280454172,1.64917,-0.00083161
ss,152,868139723,898582652,280454172,1.65785,0.00785297
ss,153,1620622189,1240401270,280454172,1.65267,0.00266868
ss,154,677337844,1413938973,280454172,1.65233,0.00233097
ss,155,606136486,1808220610,280454172,1.64909,-0.000910602
ss,156,222439289,1317468601,280454172,1.65179,0.00179374
ss,157,933521627,1922589024,280454172,1.64775,-0.00225496
ss,158,1958747508,915359157,280454172,1.65404,0.00404342
ss,159,1489643479,644529707,280454172,1.65055,0.000547871
ss,160,2038299760,820198934,280454172,1.6475,-0.00250097
ss,161,2002261057,769793076,280454172,1.64798,-0.00201885
ss,162,165674657,238412727,280454172,1.65389,0.00389368
ss,163,322842765,115716952,280454172,1.65914,0.00914434
ss,164,961447678,256142101,280454172,1.64972,-0.000279663
ss,165,192064610,345368647,280454172,1.64764,-0.00236178
ss,166,1231949839,1941369344,280454172,1.65424,0.00424444
ss,167,2094123255,528710974,280454172,1.65499,0.00498884
ss,168,700613188,1730622770,280454172,1.63964,-0.0103575
ss,169,1827714730,944471417,280454172,1.64951,-0.000489104
ss,170,1351315447,294407326,280454172,1.65395,0.00395012
ss,171,815464944,560712373,280454172,1.65316,0.00316225
ss,172,947207461,837233666,280454172,1.6491,-0.00090435
ss,173,1990841135,1196518748,280454172,1.65525,0.00524573
ss,174,1671749029,514118633,280454172,1.64801,-0.00199153
ss,175,1741611289,1654545618,280454172,1.65098,0.000979893
ss,176,937292379,926842325,280454172,1.6524,0.0023956
ss,177,639064724,1346888003,280454172,1.652,0.00200385
ss,178,940286801,98413462,280454172,1.65022,0.000216292
ss,179,1076785424,1570818236,280454172,1.64274,-0.00725607
ss,180,978803037,1554248641,280454172,1.64381,-0.00619414
ss,181,1798801468,1040811566,280454172,1.65269,0.00269134
ss,182,1739998909,549165011,280454172,1.65372,0.00372372
ss,183,155747104,317088973,280454172,1.65198,0.00197854
ss,184,463074445,2024036794,280454172,1.64517,-0.00483037
ss,185,830868646,649436804,280454172,1.65257,0.00256904
ss,186,1264503594,194920309,280454172,1.64997,-3.17562e-05
ss,187,233667266,874877997,280454172,1.64549,-0.00450803
ss,188,1911442544,226437372,280454172,1.65471,0.00471061
ss,189,1076087789,116967922,280454172,1.63834,-0.0116627
ss,190,446312117,1085673959,280454172,1.64637,-0.00362898
ss,191,1581343851,1806497505,280454172,1.64314,-0.00685634
ss,192,177632763,1771554362,280454172,1.64404,-0.00596258
ss,193,627184426,275993272,280454172,1.6508,0.000801263
ss,194,1277767537,597824536,280454172,1.65311,0.00310731
ss,195,1364541827,1066716636,280454172,1.64928,-0.000717153
ss,196,254265516,1782048079,280454172,1.64844,-0.0015607
ss,197,326281800,1780063982,280454172,1.653,0.00299781
ss,198,1151691631,1390852097,280454172,1.65055,0.000551097
ss,199,223108376,495111567,280454172,1.64291,-0.00709243
ss,200,540799313,891795948,280454172,1.64716,-0.0028396
ss,201,2038479388,739946545,280454172,1.64426,-0.00574497
ss,202,1379428444,1291311871,280454172,1.65037,0.000372132
ss,203,166245103,2121424736,280454172,1.64472,-0.00527663
ss,204,744740926,1831238485,280454172,1.64544,-0.00456323
ss,205,66100082,565489464,280454172,1.65085,0.000848956
ss,206,1318226986,181456170,280454172,1.66031,0.0103055
ss,207,1498303314,1667553611,280454172,1.64761,-0.00238878
ss,208,2085263883,1137185001,280454172,1.65065,0.000649762
ss,209,210957683,43424222,280454172,1.65181,0.00180756
ss,210,798862431,942826044,280454172,1.64827,-0.00172577
ss,211,459719947,1037679736,280454172,1.65488,0.00488419
ss,212,996262628,940127449,280454172,1.65542,0.00541993
ss,213,334671987,1069796126,280454172,1.65141,0.00140972
ss,214,1941670447,1591543834,280454172,1.6522,0.00220005
ss,215,251606128,662881157,280454172,1.64731,-0.00269059
ss,216,1031867227,905326360,280454172,1.65174,0.00173982
ss,217,112807794,2132695255,280454172,1.64846,-0.00154237
ss,218,856990683,1633598919,280454172,1.64997,-2.74571e-05
ss,219,1802825504,597145747,280454172,1.64654,-0.00345834
ss,220,710102622,1504278981,280454172,1.64611,-0.00388547
ss,221,28256325,96147390,280454172,1.64951,-0.000489327
ss,222,649904816,1165708525,280454172,1.64753,-0.0024738
ss,223,798183708,668314981,280454172,1.64582,-0.00418206
ss,224,1448726299,1086739060,280454172,1.64988,-0.000115766
ss,225,638655097,999994645,280454172,1.64771,-0.00229373
ss,226,1905694978,357935352,280454172,1.65491,0.00491075
ss,227,1048717688,970054296,280454172,1.64912,-0.000876748
ss,228,1923918181,1363823551,280454172,1.64649,-0.0035091
ss,229,999599193,7718848,280454172,1.64579,-0.00421376
ss,230,722581975,727558593,280454172,1.64551,-0.00448769
ss,231,899049253,1484243482,280454172,1.64978,-0.000220138
ss,232,1152012094,1608666458,280454172,1.65033,0.00033306
ss,233,1719781574,1143718072,280454172,1.65095,0.000948154
ss,234,1984513185,388162254,280454172,1.63842,-0.0115782
ss,235,71042864,1948279583,280454172,1.64907,-0.000927706
ss,236,1181192484,1689585618,280454172,1.65322,0.00322184
ss,237,188151719,1960492791,280454172,1.65652,0.00652495
ss,238,817912038,671154077,280454172,1.64642,-0.00357931
ss,239,1812286931,983314102,280454172,1.65005,5.49484e-05
ss,240,1681627594,71091469,280454172,1.65348,0.00347664
ss,241,1880113496,1821280802,280454172,1.64884,-0.00115532
ss,242,868793670,679968071,280454172,1.64546,-0.00454483
ss,243,683143836,349871184,280454172,1.64508,-0.00492397
ss,244,700981697,52933708,280454172,1.65416,0.00416042
ss,245,1275356420,991545017,280454172,1.65071,0.000712881
ss,246,982177290,506990071,280454172,1.65172,0.00172167
ss,247,1149020208,315501054,280454172,1.65512,0.0051164
ss,248,436706340,1861303107,280454172,1.64953,-0.000473558
ss,249,1078434013,1164535525,280454172,1.64685,-0.00314954
ss,250,1813977302,940259656,280454172,1.64828,-0.00172109
ss,251,95014088,1284454847,280454172,1.6471,-0.00289843
ss,252,2007187433,223620533,280454172,1.65783,0.00782716
ss,253,1116681663,1021329288,280454172,1.65422,0.00421581
ss,254,165363556,1378529168,280454172,1.65532,0.0053164
ss,255,2107341835,2034572293,280454172,1.65589,0.00589013
ss,256,92151945,30052161,280454172,1.64665,-0.00334814
ss,257,2039520550,1722691831,280454172,1.65086,0.000860811
ss,258,133493719,668812931,280454172,1.65212,0.00211943
ss,259,1511570510,1333305556,280454172,1.6397,-0.0103046
ss,260,1764096442,1985888032,280454172,1.64547,-0.00453437
ss,261,760159903,1674253773,280454172,1.64945,-0.000547795
ss,262,751765926,1035233813,280454172,1.6553,0.0052969
ss,263,1953514818,1693602257,280454172,1.65502,0.00502489
ss,264,1000108169,1859629795,280454172,1.64584,-0.00415743
ss,265,171828874,290376779,280454172,1.65656,0.00655985
ss,266,1573076730,1829479263,280454172,1.6456,-0.00439574
ss,267,1365276956,336448405,280454172,1.65261,0.0026063
ss,268,189113239,790835163,280454172,1.65031,0.000314536
ss,269,520684588,1906416931,280454172,1.65078,0.000776088
ss,270,1094335014,119943191,280454172,1.64483,-0.0051708
ss,271,144916756,31110418,280454172,1.65255,0.00254775
ss,272,1055559544,27918846,280454172,1.63838,-0.0116173
ss,273,1515173397,1008796266,280454172,1.65579,0.00578586
ss,274,587424420,165388886,280454172,1.65007,7.07544e-05
ss,275,928871552,1852229693,280454172,1.65139,0.00138548
ss,276,1459574703,979402911,280454172,1.65044,0.000438369
ss,277,214166875,1476951190,280454172,1.64129,-0.00871295
ss,278,256766058,317173139,280454172,1.64802,-0.00197561
ss,279,1939010155,1903217253,280454172,1.64668,-0.00332363
ss,280,118165520,1012085621,280454172,1.65569,0.00569488
ss,281,70773979,1289363672,280454172,1.64335,-0.00664728
ss,282,1135611211,994275897,280454172,1.65098,0.000976602
ss,283,478586035,343817242,280454172,1.64503,-0.00496965
ss,284,632315898,1728173548,280454172,1.64908,-0.000921382
ss,285,212547598,1500658299,280454172,1.64915,-0.000846181
ss,286,1296145644,742862741,280454172,1.65194,0.00193869
ss,287,393221178,141390068,280454172,1.64835,-0.00164602
ss,288,2026372975,661372189,280454172,1.65741,0.00741147
ss,289,421364490,1484009211,280454172,1.65098,0.00097909
ss,290,5548198,1280799908,280454172,1.65212,0.0021217
ss,291,1752926875,836834253,280454172,1.6441,-0.00590209
ss,292,991345652,502260462,280454172,1.64629,-0.00370674
ss,293,1728803328,1416809201,280454172,1.64885,-0.00114515
ss,294,2063554627,2136243777,280454172,1.65344,0.00343876
ss,295,500772538,139058174,280454172,1.65029,0.000287434
ss,296,685029874,1998860205,280454172,1.64958,-0.000424214
ss,297,1225723981,1359159255,280454172,1.65344,0.00344419
ss,298,2024179474,1114168205,280454172,1.6551,0.00510283
ss,299,1449642346,350134157,280454172,1.6478,-0.00220334
fs,0,1784565164,866126268,559149245,1.65058,0.000582563
fs,1,1602525381,1062732594,559149245,1.64985,-0.000152325
fs,2,783865368,16339327,559149245,1.64882,-0.00117767
fs,3,460204382,218541131,559149245,1.65016,0.000157545
fs,4,853900121,2140831430,559149245,1.64577,-0.00423242
fs,5,1497688687,136752580,559149245,1.65304,0.00304308
fs,6,260385773,863894347,559149245,1.64632,-0.00368371
fs,7,364441499,344751525,559149245,1.65231,0.0023093
fs,8,1388254427,111860658,559149245,1.64638,-0.0036236
fs,9,963838999,1817608492,559149245,1.65253,0.00252611
fs,10,351951592,833047514,559149245,1.65651,0.00651332
fs,11,1876240875,121769374,559149245,1.6435,-0.00649892
fs,12,1863253029,1059894320,559149245,1.64932,-0.000676341
fs,13,2141035596,2122823988,559149245,1.64897,-0.00102916
fs,14,1222566513,271595954,559149245,1.65002,2.23403e-05
fs,15,1580199446,601096938,559149245,1.64855,-0.00144918
fs,16,1999651541,1004118778,559149245,1.64531,-0.00469411
fs,17,1663053864,1444423662,559149245,1.65241,0.00240774
fs,18,1825716563,1846660962,559149245,1.64718,-0.00282323
fs,19,1665672967,947585489,559149245,1.65005,5.1309e-05
fs,20,1031185675,464020257,559149245,1.65253,0.00252988
fs,21,1202636975,61431599,559149245,1.65047,0.000472338
fs,22,396523764,1077713527,559149245,1.64359,-0.00641092
fs,23,815370351,791754716,559149245,1.64511,-0.00489336
fs,24,525261933,734252061,559149245,1.64652,-0.00348374
fs,25,1844901404,432249465,559149245,1.65013,0.000126744
fs,26,1325587677,622012252,559149245,1.65338,0.00338213
fs,27,870832221,245079177,559149245,1.64824,-0.00175679
fs,28,1727882565,456545543,559149245,1.63907,-0.0109287
fs,29,1308581719,556275707,559149245,1.65065,0.0006485
fs,30,836897011,1984248090,559149245,1.64589,-0.00411195
fs,31,541032898,716867662,559149245,1.65391,0.00391376
fs,32,1654697168,354383083,559149245,1.65559,0.0055869
fs,33,813711750,1388181331,559149245,1.64577,-0.0042283
fs,34,1569218254,23909230,559149245,1.64791,-0.0020851
fs,35,802998434,1581384518,559149245,1.65902,0.00902394
fs,36,1936069019,1292379994,559149245,1.64872,-0.00127758
fs,37,164864595,1006389815,559149245,1.6497,-0.000298081
fs,38,1904750387,130836717,559149245,1.6479,-0.00209779
fs,39,1617498696,776708501,559149245,1.64838,-0.00162336
fs,40,460829374,1960993022,559149245,1.65679,0.00678645
fs,41,1263521235,909208911,559149245,1.65215,0.00214765
fs,42,1757987273,1161880682,559149245,1.65705,0.00704965
fs,43,1085341365,631610645,559149245,1.65147,0.00147014
fs,44,1289773851,516690845,559149245,1.65217,0.00217282
fs,45,1593649620,502397861,559149245,1.64389,-0.0061105
fs,46,1912612273,443093646,559149245,1.65139,0.00139054
fs,47,1504360295,1031781432,559149245,1.64444,-0.00556347
fs,48,691287534,1653490334,559149245,1.6485,-0.00149617
fs,49,139714678,469293519,559149245,1.65331,0.00331259
fs,50,86862476,1394164541,559149245,1.65123,0.00123179
fs,51,720055535,1901746422,559149245,1.64601,-0.0039912
fs,52,1979324783,404632715,559149245,1.64527,-0.00473091
fs,53,1265438194,1353126042,559149245,1.6495,-0.000496718
fs,54,1528528630,1847431983,559149245,1.65261,0.00260579
fs,55,1428907515,1745171031,559149245,1.65228,0.00228093
fs,56,1724758406,191012616,559149245,1.653,0.00299676
fs,57,239706765,1907739715,559149245,1.65313,0.00312974
fs,58,345483088,1088815589,559149245,1.65954,0.00954435
fs,59,1974159841,473911507,559149245,1.64223,-0.00777365
fs,60,849283600,228433715,559149245,1.65589,0.00588892
fs,61,2092847565,965766507,559149245,1.64756,-0.00243899
fs,62,1922546689,1795037178,559149245,1.65364,0.00363913
fs,63,1061740309,1711736126,559149245,1.65683,0.00682994
fs,64,476617155,868421277,559149245,1.65065,0.000651125
fs,65,970642646,78501899,559149245,1.65015,0.000150391
fs,66,1752964547,2073285362,559149245,1.6515,0.00149922
fs,67,1330708715,1962041212,559149245,1.65417,0.00416648
fs,68,454521142,314027644,559149245,1.65191,0.00190709
fs,69,2059766380,28844679,559149245,1.65913,0.00913266
fs,70,1120797327,1634581090,559149245,1.64906,-0.000938116
fs,71,1463703856,299978239,559149245,1.64619,-0.00381119
fs,72,483252393,1461105499,559149245,1.64602,-0.00398157
fs,73,2061111016,551575351,559149245,1.64963,-0.000371389
fs,74,1573541952,391688027,559149245,1.64709,-0.00291035
fs,75,97093162,1481159059,559149245,1.65571,0.00571177
fs,76,146056973,1459165629,559149245,1.64497,-0.00503143
fs,77,1406225338,1674889368,559149245,1.64668,-0.00332057
fs,78,1353468951,1666909477,559149245,1.65178,0.0017835
fs,79,557181810,126325588,559149245,1.64592,-0.00408289
fs,80,445551748,706396556,559149245,1.64783,-0.00217351
fs,81,1802695333,1174102364,559149245,1.64797,-0.00202552
fs,82,492397578,81924411,559149245,1.65019,0.000194165
fs,83,1519590777,465501689,559149245,1.6525,0.00250027
fs,84,2026169258,1452672177,559149245,1.65369,0.00368989
fs,85,1085307661,804127732,559149245,1.65577,0.00577171
fs,86,994215428,1115949595,559149245,1.65365,0.00365451
fs,87,1545597233,912499789,559149245,1.6418,-0.00819805
fs,88,1453936389,947779735,559149245,1.65327,0.00327359
fs,89,1506913192,1656855185,559149245,1.64618,-0.0038179
fs,90,883503085,919419594,559149245,1.65861,0.00860763
fs,91,1813966617,1392217350,559149245,1.64014,-0.00985995
fs,92,1794141043,1863293634,559149245,1.65005,5.13832e-05
fs,93,638913720,1810905944,559149245,1.64857,-0.00143139
fs,94,380451489,265326074,559149245,1.64404,-0.00596326
fs,95,1074578470,1452838887,559149245,1.64686,-0.00313799
fs,96,1499332455,29380035,559149245,1.64621,-0.00378586
fs,97,1060685260,1199998806,559149245,1.65013,0.000126704
fs,98,799433102,996566524,559149245,1.65281,0.00281008
fs,99,185146332,1621945818,559149245,1.64903,-0.000967734
fs,100,204595343,1070401352,559149245,1.65445,0.00444764
fs,101,1334417031,1689589166,559149245,1.6494,-0.000598046
fs,102,1105709523,1752692051,559149245,1.65271,0.00270521
fs,103,366199907,198416412,559149245,1.65263,0.0026346
fs,104,1593255690,494301226,559149245,1.64583,-0.00417182
fs,105,2023810912,555077879,559149245,1.65303,0.00303077
fs,106,2064323440,1130089218,559149245,1.66002,0.0100197
fs,107,1288201944,515981385,559149245,1.64707,-0.00293402
fs,108,454758417,74034737,559149245,1.64941,-0.000585429
fs,109,1816403577,1064023374,559149245,1.64778,-0.00221962
fs,110,1054206808,1354249441,559149245,1.64882,-0.00117831
fs,111,1133919952,800741536,559149245,1.65253,0.00252659
fs,112,1181543824,1312416496,559149245,1.64161,-0.00839409
fs,113,1715159549,1651651053,559149245,1.64947,-0.000528951
fs,114,752382171,603584534,559149245,1.64385,-0.0061476
fs,115,1241410342,1134256094,559149245,1.64602,-0.00398043
fs,116,995498056,1943119347,559149245,1.66032,0.01032
fs,117,371334755,583305628,559149245,1.65452,0.00451707
fs,118,668552839,1083556754,559149245,1.64755,-0.00245024
fs,119,1488157907,1049341433,559149245,1.65047,0.000473983
fs,120,1750363425,1654157513,559149245,1.65155,0.00155173
fs,121,1285493641,1819016749,559149245,1.64922,-0.000778639
fs,122,1753671797,724368909,559149245,1.65057,0.000566582
fs,123,1697088219,2053581174,559149245,1.64841,-0.00158942
fs,124,376400378,336809981,559149245,1.64965,-0.000347935
fs,125,1423141542,946799925,559149245,1.64417,-0.00583185
fs,126,306280341,1330488575,559149245,1.63823,-0.0117671
fs,127,968171057,1293151629,559149245,1.64579,-0.00421126
fs,128,1141099013,784961288,559149245,1.65416,0.00415502
fs,129,1017494628,839977206,559149245,1.65172,0.00172162
fs,130,1723407487,1811009623,559149245,1.65332,0.00332355
fs,131,9879106,1494913497,559149245,1.65362,0.00361907
fs,132,1728486971,1969423924,559149245,1.6537,0.00369564
fs,133,1310681194,1114469288,559149245,1.64576,-0.00424491
fs,134,1858859289,2104293375,559149245,1.64208,-0.00791594
fs,135,1072390335,1357541780,559149245,1.65674,0.00674332
fs,136,1905299877,1431249287,559149245,1.64351,-0.00648625
fs,137,1625160903,449111313,559149245,1.65495,0.00495234
fs,138,778187715,1283236309,559149245,1.64787,-0.00213438
fs,139,653602856,13097486,559149245,1.64554,-0.00445834
fs,140,255276318,1214943917,559149245,1.64646,-0.00353569
fs,141,1618245576,2084943965,559149245,1.64985,-0.000153856
fs,142,515685612,541912420,559149245,1.64833,-0.0016712
fs,143,1196130020,1241634024,559149245,1.65565,0.00565209
fs,144,53785776,1427188492,559149245,1.65301,0.00300844
fs,145,368421717,1444085254,559149245,1.64729,-0.00270823
fs,146,1725977238,646141637,559149245,1.64883,-0.00117086
fs,147,783959712,880943488,559149245,1.65206,0.00206022
fs,148,503587916,1183470120,559149245,1.6473,-0.0027003
fs,149,575599235,1470782534,559149245,1.65148,0.00148492
fs,150,181679671,1018724643,559149245,1.65729,0.00728733
fs,151,209559095,765621151,559149245,1.65651,0.00650905
fs,152,1020481648,619668915,559149245,1.65142,0.00142321
fs,153,2076953710,1818265354,559149245,1.64636,-0.00363775
fs,154,1199683479,247788438,559149245,1.64479,-0.00521333
fs,155,1112409428,1558074062,559149245,1.64959,-0.00041275
fs,156,2017729308,1821804072,559149245,1.65301,0.00300584
fs,157,339736285,789500897,559149245,1.65863,0.00863012
fs,158,334314902,1645857615,559149245,1.64785,-0.00214843
fs,159,325028306,753989046,559149245,1.65268,0.00268124
fs,160,1533860033,958906682,559149245,1.64905,-0.000954883
fs,161,1382030401,1035292873,559149245,1.65261,0.00260901
fs,162,669550974,1483138217,559149245,1.65666,0.00665795
fs,163,68474147,758313312,559149245,1.65601,0.00600635
fs,164,588211203,536662414,559149245,1.64964,-0.000364108
fs,165,376229530,1908171363,559149245,1.64913,-0.000867905
fs,166,202785805,1724741163,559149245,1.64304,-0.00695502
fs,167,1340828813,777069011,559149245,1.64773,-0.00226995
fs,168,1426854950,2101600921,559149245,1.64851,-0.00149392
fs,169,2127521279,65128168,559149245,1.65087,0.000865124
fs,170,1380567154,836506760,559149245,1.65388,0.00388072
fs,171,194817126,2039224169,559149245,1.65339,0.0033854
fs,172,1123323374,573473587,559149245,1.64909,-0.000910982
fs,173,1681327013,622807800,559149245,1.65436,0.00436276
fs,174,2088547876,586128302,559149245,1.65944,0.0094438
fs,175,1382914082,1913442006,559149245,1.65048,0.000484222
fs,176,119694379,1094913319,559149245,1.65319,0.00319429
fs,177,1153112352,2089219359,559149245,1.65019,0.000194734
fs,178,1301561633,1069449556,559149245,1.65677,0.00676535
fs,179,1673354125,1465592012,559149245,1.64973,-0.000272886
fs,180,1205407524,1513298896,559149245,1.65589,0.00589121
fs,181,1295496529,817030986,559149245,1.642,-0.00799799
fs,182,1761529077,313440739,559149245,1.64244,-0.007556
fs,183,2073766934,1117024674,559149245,1.65208,0.00207572
fs,184,1907886745,530816351,559149245,1.65103,0.00103497
fs,185,1358945873,578805251,559149245,1.65016,0.000157495
fs,186,1055502053,48711510,559149245,1.66169,0.0116939
fs,187,818716600,1147363238,559149245,1.64755,-0.00244853
fs,188,898441227,36156872,559149245,1.65407,0.00407465
fs,189,915897183,1991041152,559149245,1.64651,-0.00348782
fs,190,1097327587,1254483709,559149245,1.64436,-0.00564336
fs,191,1895951151,305915864,559149245,1.64233,-0.0076734
fs,192,1846075107,1932803867,559149245,1.64681,-0.0031859
fs,193,1718218269,402596318,559149245,1.64896,-0.00103661
fs,194,30986219,1583639777,559149245,1.64467,-0.00532812
fs,195,770634489,1302377605,559149245,1.64243,-0.00756895
fs,196,313895578,1112701522,559149245,1.64581,-0.0041876
fs,197,968888864,1208494096,559149245,1.64935,-0.00065384
fs,198,461973576,463471913,559149245,1.65183,0.00182999
fs,199,1612556346,165472811,559149245,1.6494,-0.000603964
fs,200,781446594,650375705,559149245,1.64751,-0.00249134
fs,201,981748753,417160098,559149245,1.64649,-0.00351451
fs,202,1747218501,1957086943,559149245,1.65334,0.00333669
fs,203,1921369130,701712971,559149245,1.64221,-0.007792
fs,204,2021031585,98306793,559149245,1.64713,-0.00287013
fs,205,1591790946,43363723,559149245,1.64717,-0.00282594
fs,206,1374959465,1545009639,559149245,1.65168,0.00167576
fs,207,1161380176,522191053,559149245,1.65731,0.00731273
fs,208,1537453557,1030147779,559149245,1.64568,-0.00431736
fs,209,933419198,965461199,559149245,1.65398,0.0039828
fs,210,535491059,754472655,559149245,1.65279,0.00278756
fs,211,1531505084,1006613000,559149245,1.652,0.00200352
fs,212,747237875,848011367,559149245,1.65317,0.00316737
fs,213,153186433,993924292,559149245,1.65145,0.00145343
fs,214,864389499,1864962301,559149245,1.64561,-0.00438529
fs,215,1554512965,1910391553,559149245,1.6541,0.00409789
fs,216,706959339,648341656,559149245,1.65051,0.000511089
fs,217,553830431,1376076206,559149245,1.64711,-0.00288819
fs,218,1122761904,882414438,559149245,1.64487,-0.00512682
fs,219,1886026850,1437596381,559149245,1.65479,0.00478512
fs,220,204416374,826394761,559149245,1.64549,-0.00451429
fs,221,1246177483,287684378,559149245,1.64817,-0.00182787
fs,222,321357242,1710118213,559149245,1.65258,0.0025833
fs,223,1512723668,2067048005,559149245,1.6544,0.00440149
fs,224,1784558011,34941092,559149245,1.64681,-0.00319422
fs,225,207203832,396585793,559149245,1.65611,0.00611196
fs,226,779448763,1276530421,559149245,1.64623,-0.00377174
fs,227,1615815155,1606692364,559149245,1.64672,-0.00327646
fs,228,1565957566,1807475769,559149245,1.65451,0.00450681
fs,229,24924748,1185753101,559149245,1.64221,-0.00779003
fs,230,174308438,2124092236,559149245,1.65568,0.00568385
fs,231,363539798,385025556,559149245,1.64585,-0.00415431
fs,232,555050373,788721227,559149245,1.65255,0.00255415
fs,233,2034649817,1833613322,559149245,1.65014,0.000143507
fs,234,468852662,228254271,559149245,1.65046,0.000458167
fs,235,855440496,240866009,559149245,1.64638,-0.00361695
fs,236,1590443033,165653110,559149245,1.65154,0.00154274
fs,237,1181771307,327144640,559149245,1.64358,-0.00641853
fs,238,1840530062,1708559563,559149245,1.65437,0.00437408
fs,239,400330705,18006318,559149245,1.65087,0.000866693
fs,240,1451112562,1457497103,559149245,1.64547,-0.00453339
fs,241,1189105918,2091388201,559149245,1.65561,0.00561417
fs,242,1035769893,1234748763,559149245,1.65167,0.00167177
fs,243,109770296,1305892564,559149245,1.65266,0.00265789
fs,244,554952271,100415144,559149245,1.64979,-0.000214306
fs,245,2001457930,112677518,559149245,1.64967,-0.000326324
fs,246,1969142409,924170917,559149245,1.64608,-0.00392113
fs,247,1312755984,164263250,559149245,1.64779,-0.00220908
fs,248,318250719,939831433,559149245,1.65095,0.000951375
fs,249,1679603702,810555208,559149245,1.64656,-0.00343778
fs,250,782025650,133183217,559149245,1.64712,-0.00288159
fs,251,1581479299,1837005031,559149245,1.64774,-0.00225997
fs,252,1467662261,589079245,559149245,1.65432,0.0043215
fs,253,1018517805,1451732630,559149245,1.65059,0.000585634
fs,254,392995164,1722519748,559149245,1.65456,0.00455866
fs,255,538498836,1189672782,559149245,1.66015,0.0101478
fs,256,1712224143,754365886,559149245,1.64956,-0.000439971
fs,257,664667256,447058920,559149245,1.64627,-0.00373021
fs,258,909540826,74406845,559149245,1.65581,0.00580964
fs,259,1242732038,1849677386,559149245,1.64761,-0.00238791
fs,260,364321028,1941824136,559149245,1.64905,-0.00094992
fs,261,1082753809,1293263742,559149245,1.64674,-0.00326286
fs,262,1107705973,713140545,559149245,1.64669,-0.00331073
fs,263,1892712365,743560582,559149245,1.64629,-0.00370566
fs,264,1092654183,1650182747,559149245,1.64814,-0.00185748
fs,265,2132054362,48904131,559149245,1.64762,-0.00237621
fs,266,1049547688,30347344,559149245,1.6421,-0.00789655
fs,267,612138172,2062222064,559149245,1.65544,0.00544088
fs,268,771145591,660833453,559149245,1.65023,0.000228759
fs,269,325127605,658203623,559149245,1.64396,-0.00603854
fs,270,1864505893,1807096882,559149245,1.65192,0.00192145
fs,271,122533261,60784672,559149245,1.6427,-0.00730418
fs,272,421533853,346103007,559149245,1.65138,0.00138169
fs,273,1907442414,1705443135,559149245,1.65303,0.00302641
fs,274,1378800145,379045353,559149245,1.65995,0.00995356
fs,275,160195483,1880954802,559149245,1.65156,0.00156017
fs,276,816527930,294617006,559149245,1.64529,-0.00471306
fs,277,341831420,1395242438,559149245,1.65084,0.000840461
fs,278,1902963561,2093847613,559149245,1.64573,-0.00426995
fs,279,1011047074,1610885869,559149245,1.64485,-0.00515071
fs,280,1873070588,1211406009,559149245,1.63724,-0.0127601
fs,281,261642122,311489597,559149245,1.64426,-0.00573857
fs,282,1430524091,1878608444,559149245,1.65116,0.0011643
fs,283,1134778175,1116038194,559149245,1.64942,-0.000580575
fs,284,1438611006,1460608303,559149245,1.64648,-0.00352259
fs,285,1359407481,758558118,559149245,1.65677,0.00676982
fs,286,615814288,1097005004,559149245,1.65207,0.00207494
fs,287,1700476559,1714452006,559149245,1.65121,0.00121038
fs,288,525748302,824804654,559149245,1.65298,0.00297838
fs,289,48163698,1844781284,559149245,1.65024,0.000235526
fs,290,101272671,657921480,559149245,1.64921,-0.000791834
fs,291,4935138,1339250575,559149245,1.64825,-0.00175149
fs,292,290830795,133032732,559149245,1.65073,0.0007308
fs,293,1312162388,1343148632,559149245,1.65254,0.00254084
fs,294,346160008,1945999059,559149245,1.65056,0.000560614
fs,295,111977221,1759864229,559149245,1.65147,0.0014697
fs,296,259972724,499911071,559149245,1.65566,0.00566384
fs,297,183006080,1620777682,559149245,1.65116,0.00115587
fs,298,1499269319,1383617262,559149245,1.64093,-0.00906779
fs,299,1448532635,482075092,559149245,1.64526,-0.00473591
sf,0,1043706957,592941757,529049884,1.64644,-0.00356384
sf,1,149732359,1411865675,529049884,1.65146,0.00145601
sf,2,534671352,369713294,529049884,1.64922,-0.000783271
sf,3,1092904055,1879140861,529049884,1.64763,-0.00236757
sf,4,848338640,643620161,529049884,1.64665,-0.00335149
sf,5,1485041040,754128159,529049884,1.64499,-0.00501193
sf,6,805396373,1159724200,529049884,1.64937,-0.000627746
sf,7,191669520,1695487402,529049884,1.6426,-0.0073996
sf,8,966630601,758043968,529049884,1.64748,-0.00252453
sf,9,1709295999,478705113,529049884,1.65696,0.00696133
sf,10,1243962105,1130993201,529049884,1.65325,0.00324525
sf,11,475879055,363124377,529049884,1.65418,0.00417534
sf,12,1567157247,42333791,529049884,1.65334,0.00334318
sf,13,80183345,373952697,529049884,1.64007,-0.00993437
sf,14,1560938734,308510245,529049884,1.65784,0.00784162
sf,15,1204759197,1236131558,529049884,1.65523,0.00522954
sf,16,406465007,1861449639,529049884,1.6438,-0.00619979
sf,17,67205639,1859350716,529049884,1.64355,-0.00645064
sf,18,1852780585,554524586,529049884,1.64808,-0.00192029
sf,19,1296265419,227135536,529049884,1.64676,-0.00324365
sf,20,223415500,214920240,529049884,1.64368,-0.00632068
sf,21,1910856669,26691179,529049884,1.6516,0.00159921
sf,22,1952171872,448707943,529049884,1.65723,0.00722765
sf,23,1229867895,682640629,529049884,1.63997,-0.010025
sf,24,1654433856,1495189826,529049884,1.65404,0.00404168
sf,25,1001158730,2085171414,529049884,1.65102,0.00101908
sf,26,2105470413,1091300475,529049884,1.65103,0.00103376
sf,27,2133537940,1313887242,529049884,1.65809,0.00808558
sf,28,321326423,159246009,529049884,1.65649,0.00648507
sf,29,943720020,1786348313,529049884,1.64667,-0.00332785
sf,30,572239699,9043234,529049884,1.63982,-0.0101771
sf,31,539788607,1930076058,529049884,1.63988,-0.0101166
sf,32,748439985,1601156395,529049884,1.65633,0.00632875
sf,33,1019739522,545242173,529049884,1.64119,-0.00880764
sf,34,633476933,1607068349,529049884,1.66285,0.0128485
sf,35,267068577,172382623,529049884,1.65044,0.00044247
sf,36,542405942,929983533,529049884,1.64299,-0.00701186
sf,37,353194474,1359350815,529049884,1.65157,0.00156921
sf,38,271496227,1327874986,529049884,1.65376,0.00376024
sf,39,502881516,1519102395,529049884,1.65566,0.00565754
sf,40,1921632220,1015819731,529049884,1.64282,-0.00718212
sf,41,1525546448,1586931091,529049884,1.65838,0.00838053
sf,42,1177839336,187035472,529049884,1.65898,0.0089832
sf,43,1877202167,802243344,529049884,1.65489,0.00488962
sf,44,605964369,1266934643,529049884,1.6577,0.00770378
sf,45,827355351,943612494,529049884,1.64399,-0.00601364
sf,46,1473780883,1562067804,529049884,1.64242,-0.00757882
sf,47,332276211,413200102,529049884,1.64522,-0.00477654
sf,48,954147065,498307542,529049884,1.64292,-0.00708222
sf,49,1973754843,1582985003,529049884,1.6476,-0.00240258
sf,50,926076708,93804782,529049884,1.65594,0.00593625
sf,51,1276233116,2002796291,529049884,1.65659,0.00658598
sf,52,1273858268,1756728946,529049884,1.64258,-0.00742115
sf,53,2031826640,1385593639,529049884,1.65302,0.00301696
sf,54,1717524926,1902344804,529049884,1.6453,-0.00470499
sf,55,2135155587,638566266,529049884,1.64319,-0.00681049
sf,56,1289377778,531499534,529049884,1.64853,-0.00146545
sf,57,535759235,710538177,529049884,1.65496,0.00496053
sf,58,205744955,1291809760,529049884,1.65143,0.00142702
sf,59,484848493,903253570,529049884,1.64618,-0.00382125
sf,60,2112224208,747204878,529049884,1.64851,-0.0014892
sf,61,496516844,1552920337,529049884,1.64524,-0.00475951
sf,62,1408149420,240590263,529049884,1.64773,-0.00227128
sf,63,136679751,1067708923,529049884,1.64623,-0.00377166
sf,64,87813520,440859036,529049884,1.64512,-0.00487691
sf,65,263080777,939022065,529049884,1.64849,-0.00150828
sf,66,1719002283,166907850,529049884,1.65378,0.00378216
sf,67,503565165,1456154169,529049884,1.65144,0.00143555
sf,68,1786829501,753191073,529049884,1.64858,-0.00141906
sf,69,1348805705,1055069334,529049884,1.64864,-0.00135587
sf,70,1834287164,1138168494,529049884,1.65596,0.00595591
sf,71,1847530259,23275354,529049884,1.65063,0.000632718
sf,72,126787795,2106899530,529049884,1.64681,-0.00318706
sf,73,2020542648,1745110321,529049884,1.65623,0.00623178
sf,74,1292072769,1509055619,529049884,1.65056,0.000564424
sf,75,811721010,609270045,529049884,1.65282,0.00282189
sf,76,1144311916,1213812464,529049884,1.65185,0.00185095
sf,77,174301327,1271097826,529049884,1.65816,0.00816287
sf,78,1626580242,1193379090,529049884,1.64136,-0.00864134
sf,79,1600905601,1784517314,529049884,1.65253,0.00252706
sf,80,1938449521,736979046,529049884,1.65405,0.0040492
sf,81,715974583,1744235154,529049884,1.64107,-0.00893458
sf,82,1854042356,303888392,529049884,1.6465,-0.003503
sf,83,770574752,2117705450,529049884,1.64573,-0.00426583
sf,84,2020142990,1813492441,529049884,1.64877,-0.00122924
sf,85,793786648,120706555,529049884,1.64618,-0.00382266
sf,86,821588038,863894095,529049884,1.65,2.19507e-06
sf,87,1546993264,907798711,529049884,1.65517,0.00517038
sf,88,129944103,921354278,529049884,1.64935,-0.000647536
sf,89,1783098739,1322101159,529049884,1.65116,0.00115953
sf,90,1732973550,1310688275,529049884,1.64891,-0.00108611
sf,91,114711735,878329086,529049884,1.65053,0.000525772
sf,92,1493607697,403411267,529049884,1.64744,-0.00256014
sf,93,2054032781,1977695886,529049884,1.64571,-0.00429256
sf,94,650338859,269754417,529049884,1.6396,-0.0104035
sf,95,1250343152,1087895986,529049884,1.64915,-0.000846164
sf,96,1198526660,2144126448,529049884,1.64531,-0.00468916
sf,97,1487641186,1220284168,529049884,1.64929,-0.000713699
sf,98,1485063299,693239024,529049884,1.64614,-0.0038593
sf,99,1825586085,2145553772,529049884,1.64641,-0.00359269
sf,100,508362385,2134838734,529049884,1.65012,0.000120889
sf,101,904113289,580224590,529049884,1.65442,0.00441574
sf,102,1216798162,1826491396,529049884,1.66292,0.0129192
sf,103,1844346512,685699625,529049884,1.64371,-0.00629431
sf,104,832912845,1354951642,529049884,1.65021,0.000211283
sf,105,131921684,448964882,529049884,1.64213,-0.00786548
sf,106,1574873585,1966681784,529049884,1.64222,-0.0077828
sf,107,768190649,626497611,529049884,1.64683,-0.00316904
sf,108,1592749672,1667641035,529049884,1.64115,-0.008851
sf,109,1963388963,646691452,529049884,1.65647,0.00647236
sf,110,1748128800,1106303020,529049884,1.64755,-0.00244781
sf,111,20378932,330402313,529049884,1.65652,0.00651573
sf,112,472089795,1886847432,529049884,1.65111,0.00111385
sf,113,1745254340,1077004881,529049884,1.6523,0.00229634
sf,114,190211445,1451198688,529049884,1.65384,0.003842
sf,115,1961410767,604041944,529049884,1.64253,-0.00746632
sf,116,1056617009,1454368694,529049884,1.64342,-0.00658237
sf,117,159850144,1346689052,529049884,1.63934,-0.0106625
sf,118,1813685834,97142960,529049884,1.64789,-0.00210913
sf,119,660773800,1794253138,529049884,1.6433,-0.00669753
sf,120,713113466,1330761215,529049884,1.64871,-0.00129414
sf,121,1423592179,416594630,529049884,1.64545,-0.00454866
sf,122,580543162,1100892466,529049884,1.65029,0.000288275
sf,123,1543467169,1908321729,529049884,1.64581,-0.00418703
sf,124,1243907912,2106033850,529049884,1.65843,0.00842519
sf,125,1657117375,648639784,529049884,1.63989,-0.0101107
sf,126,1715519825,1551899499,529049884,1.65299,0.00299195
sf,127,1951941644,1204469401,529049884,1.64901,-0.00098796
sf,128,522874283,1092211640,529049884,1.65809,0.00809046
sf,129,1186205507,381335486,529049884,1.64359,-0.00641325
sf,130,2127716173,1458415667,529049884,1.6457,-0.00430329
sf,131,528313733,239463115,529049884,1.64854,-0.00145871
sf,132,1395338887,1513847194,529049884,1.6554,0.00540111
sf,133,1588421778,1784427136,529049884,1.65983,0.00983288
sf,134,1629168195,959150790,529049884,1.6504,0.000404063
sf,135,1960623101,236386456,529049884,1.65355,0.00355295
sf,136,858381080,588695720,529049884,1.64732,-0.0026766
sf,137,194305359,897289282,529049884,1.64939,-0.000614668
sf,138,656707725,62555606,529049884,1.65098,0.000978526
sf,139,1200543062,2123268508,529049884,1.65013,0.000132957
sf,140,1897088307,1545691259,529049884,1.64716,-0.00283952
sf,141,1755097776,29589335,529049884,1.64775,-0.00225106
sf,142,893560282,1530984340,529049884,1.64713,-0.00286865
sf,143,26877124,162406720,529049884,1.65697,0.00697124
sf,144,1768091075,1541998068,529049884,1.6411,-0.00890203
sf,145,1217336626,608953125,529049884,1.64724,-0.00276181
sf,146,1503162946,1601581120,529049884,1.65788,0.00788038
sf,147,1195033270,986532997,529049884,1.64568,-0.00431623
sf,148,1113205580,298506943,529049884,1.65143,0.00142987
sf,149,1273063581,1747533398,529049884,1.65728,0.00727999
sf,150,2035830025,1098601272,529049884,1.6517,0.00170214
sf,151,1186807991,1846551355,529049884,1.65217,0.00216997
sf,152,1324327910,158096694,529049884,1.64372,-0.00627633
sf,153,1255432649,378245336,529049884,1.6488,-0.00120109
sf,154,383327016,1179654022,529049884,1.65059,0.000585848
sf,155,689043579,792165606,529049884,1.652,0.00199647
sf,156,529291426,514537997,529049884,1.65811,0.00811106
sf,157,1395372902,293080009,529049884,1.64781,-0.00218884
sf,158,735970417,1497081661,529049884,1.64426,-0.00573657
sf,159,1277289238,2049682887,529049884,1.65307,0.00306906
sf,160,1371910993,992554614,529049884,1.64901,-0.000986249
sf,161,2046070181,2010893444,529049884,1.64962,-0.000379213
sf,162,599714124,1586364857,529049884,1.64835,-0.00164503
sf,163,1105551282,1038569077,529049884,1.64537,-0.00462593
sf,164,1246238239,1320756425,529049884,1.64797,-0.00202873
sf,165,717474045,354391219,529049884,1.65696,0.00695532
sf,166,592650095,761263580,529049884,1.64243,-0.00757227
sf,167,158538411,887846271,529049884,1.65604,0.00603605
sf,168,498397191,749737993,529049884,1.64427,-0.00573388
sf,169,1209491044,742644776,529049884,1.65075,0.000752567
sf,170,820147651,1181838722,529049884,1.6556,0.00560298
sf,171,553108761,423846728,529049884,1.65015,0.00015149
sf,172,1556176643,118559921,529049884,1.65299,0.00299416
sf,173,1358713375,2062091850,529049884,1.64506,-0.00494463
sf,174,271328130,1743218460,529049884,1.65857,0.00856524
sf,175,93029540,1555772001,529049884,1.65025,0.000246056
sf,176,935304567,692241701,529049884,1.64148,-0.00852331
sf,177,1762327233,1968493157,529049884,1.6502,0.00020381
sf,178,270292358,1947036152,529049884,1.65446,0.0044626
sf,179,130846952,281181694,529049884,1.65403,0.00403354
sf,180,811648092,596090561,529049884,1.64141,-0.00859241
sf,181,1962087743,1560509941,529049884,1.6437,-0.00629763
sf,182,647113390,1915285486,529049884,1.64468,-0.00532394
sf,183,2118794463,234022481,529049884,1.64629,-0.00371188
sf,184,1811975416,1682868577,529049884,1.64018,-0.00982165
sf,185,1621099863,1881400156,529049884,1.65073,0.000732659
sf,186,1206618789,142630035,529049884,1.64691,-0.00308969
sf,187,1936055025,764987711,529049884,1.64408,-0.00591729
sf,188,94765684,1813607556,529049884,1.65421,0.00421441
sf,189,178645377,1774114801,529049884,1.65609,0.00609423
sf,190,128157593,243440723,529049884,1.64793,-0.00206821
sf,191,1979721372,660542192,529049884,1.63986,-0.01014
sf,192,600516058,515094282,529049884,1.65337,0.00336881
sf,193,967270782,1366428888,529049884,1.64299,-0.00701141
sf,194,858228376,1959356068,529049884,1.65648,0.0064824
sf,195,440905136,1709762490,529049884,1.64779,-0.0022057
sf,196,48975357,2085917895,529049884,1.64828,-0.00172185
sf,197,1956113696,394080173,529049884,1.65222,0.00222321
sf,198,985704432,849449060,529049884,1.64433,-0.00566711
sf,199,2114229683,387397429,529049884,1.65504,0.00504195
sf,200,901794063,1312834593,529049884,1.6562,0.00620156
sf,201,1443926186,1078675110,529049884,1.65947,0.00946634
sf,202,2000455155,456678388,529049884,1.64684,-0.00316374
sf,203,2140508577,1557827766,529049884,1.6514,0.00139589
sf,204,1774189332,1463522102,529049884,1.65179,0.00178928
sf,205,1016162081,1275587504,529049884,1.64321,-0.00679122
sf,206,2059357280,1678818786,529049884,1.64807,-0.00192776
sf,207,1816035602,2008182937,529049884,1.64879,-0.00120597
sf,208,921083354,1124046937,529049884,1.6431,-0.00690048
sf,209,1782770413,628406367,529049884,1.64907,-0.000932298
sf,210,1912613173,94663969,529049884,1.64873,-0.00127354
sf,211,1574949651,2093476599,529049884,1.64629,-0.00371141
sf,212,1309127684,18569291,529049884,1.6547,0.00470477
sf,213,397360721,1240489785,529049884,1.64919,-0.000809569
sf,214,1755298727,1985082336,529049884,1.64335,-0.00665368
sf,215,1812305676,227909363,529049884,1.65187,0.00187057
sf,216,1920033290,990643116,529049884,1.65133,0.00132666
sf,217,1691803268,1115724618,529049884,1.65224,0.00223611
sf,218,489719876,842236363,529049884,1.64789,-0.0021084
sf,219,1805003826,1484029884,529049884,1.655,0.00500011
sf,220,1347572938,814916241,529049884,1.64904,-0.000959678
sf,221,1006549272,125161635,529049884,1.64575,-0.00425364
sf,222,1232457647,433151424,529049884,1.64408,-0.0059184
sf,223,138872997,312580323,529049884,1.65602,0.00601593
sf,224,985823263,1577756701,529049884,1.64736,-0.00264178
sf,225,1583285741,1967952689,529049884,1.6504,0.000404119
sf,226,440855502,2075609477,529049884,1.64451,-0.00548891
sf,227,1737096623,1037914569,529049884,1.65215,0.00214706
sf,228,621226300,752835133,529049884,1.65351,0.0035064
sf,229,130806648,199173706,529049884,1.64551,-0.00448698
sf,230,1972989519,2136468737,529049884,1.64905,-0.000948157
sf,231,1350924336,1577435941,529049884,1.64343,-0.00657464
sf,232,1327327664,489122101,529049884,1.65214,0.00213925
sf,233,1109513779,1399106862,529049884,1.64927,-0.000727524
sf,234,1171865187,894879209,529049884,1.64692,-0.00307728
sf,235,720592994,1183803488,529049884,1.64496,-0.00503673
sf,236,353280217,490291487,529049884,1.65131,0.00131355
sf,237,159404425,1360838391,529049884,1.6535,0.00349631
sf,238,977957322,1508804383,529049884,1.6472,-0.00280464
sf,239,2433529,804927279,529049884,1.65023,0.000227719
sf,240,1596968663,2081584599,529049884,1.65254,0.0025448
sf,241,27394922,768925444,529049884,1.65106,0.0010564
sf,242,1963720197,118215479,529049884,1.65687,0.0068679
sf,243,851114571,592284978,529049884,1.64786,-0.00213551
sf,244,1927535739,562996745,529049884,1.64393,-0.00607434
sf,245,137122507,1675100708,529049884,1.6492,-0.000796456
sf,246,1894027227,1191817576,529049884,1.65529,0.00529394
sf,247,1690258657,388372643,529049884,1.6481,-0.00190032
sf,248,645000510,1189550462,529049884,1.64648,-0.00351788
sf,249,1077373374,1237413517,529049884,1.64511,-0.00489352
sf,250,1652535169,240466680,529049884,1.65177,0.00177458
sf,251,1734233218,909127873,529049884,1.63856,-0.0114424
sf,252,754588387,1633407497,529049884,1.64836,-0.00164437
sf,253,2128891007,1676005508,529049884,1.64291,-0.00708587
sf,254,1268065271,806481456,529049884,1.65035,0.000349406
sf,255,2103883801,1296089970,529049884,1.65291,0.00290625
sf,256,1862139562,1374471493,529049884,1.65396,0.00395917
sf,257,1782511479,1875640300,529049884,1.64583,-0.00417494
sf,258,374670099,654921981,529049884,1.65067,0.0006679
sf,259,2004150510,927262969,529049884,1.65166,0.00166483
sf,260,1696247298,889666430,529049884,1.64872,-0.0012791
sf,261,1733578468,382576923,529049884,1.65028,0.000278752
sf,262,1485329782,1822580085,529049884,1.65298,0.00297519
sf,263,1521889913,2016762693,529049884,1.64575,-0.00425015
sf,264,7482613,1998963541,529049884,1.65404,0.00403554
sf,265,43579430,1949287777,529049884,1.64992,-8.37373e-05
sf,266,1726865364,2122315798,529049884,1.64196,-0.00803535
sf,267,1908845852,1155020123,529049884,1.65576,0.00575673
sf,268,1794206594,1758125365,529049884,1.64795,-0.00204725
sf,269,804510822,872043802,529049884,1.65138,0.00137846
sf,270,687375991,1588708234,529049884,1.64558,-0.00442168
sf,271,1055769139,2081948226,529049884,1.6524,0.00240387
sf,272,1168796796,632389044,529049884,1.65525,0.00524957
sf,273,982258109,2022599920,529049884,1.65247,0.00246629
sf,274,600419990,687713604,529049884,1.641,-0.00900496
sf,275,1114539124,902275187,529049884,1.65322,0.00322085
sf,276,1303930365,1719572921,529049884,1.65272,0.002719
sf,277,41109178,624757524,529049884,1.64497,-0.00503306
sf,278,591684740,184022487,529049884,1.65126,0.00125598
sf,279,166504720,852943446,529049884,1.65664,0.00663883
sf,280,15286782,828106871,529049884,1.64866,-0.00133887
sf,281,1372191635,2087573978,529049884,1.64516,-0.00483515
sf,282,1406360716,542345272,529049884,1.64631,-0.00369308
sf,283,1408732204,1063802484,529049884,1.65616,0.00616225
sf,284,1530421935,1778949941,529049884,1.64379,-0.00621399
sf,285,317128866,872332380,529049884,1.64512,-0.00487741
sf,286,309352713,2051083505,529049884,1.65513,0.00513376
sf,287,34087115,2087321935,529049884,1.65756,0.00756173
sf,288,450827769,1572884727,529049884,1.66012,0.0101172
sf,289,228400080,667679587,529049884,1.64953,-0.000465258
sf,290,1567637297,1568105437,529049884,1.64503,-0.00497475
sf,291,503300304,499145396,529049884,1.64929,-0.000710704
sf,292,804387646,1817253559,529049884,1.64484,-0.0051607
sf,293,68467986,888413947,529049884,1.6482,-0.00180349
sf,294,754943563,126550153,529049884,1.65313,0.00313208
sf,295,55732873,2064514021,529049884,1.64739,-0.00261176
sf,296,1337333099,524271079,529049884,1.64663,-0.00336705
sf,297,1944392628,19846645,529049884,1.65234,0.00234114
sf,298,961294319,916397053,529049884,1.63919,-0.0108071
sf,299,287706826,1153023367,529049884,1.65189,0.00189107
